sku,department,category,brand,name,image_1,image_2,image_3,image_4,correct_images
1014968,Impresión,Scanner,KODAK," Escaner Kodak S2050 Automatico",https://sedvirtual.sedcolombia.com.co/stockimages/KODAK-1014968-1.jpg,https://sedvirtual.sedcolombia.com.co/stockimages/KODAK-1014968-2.jpg,https://sedvirtual.sedcolombia.com.co/stockimages/KODAK-1014968-3.jpg,https://sedvirtual.sedcolombia.com.co/stockimages/KODAK-1014968-4.jpg,0
1015049,Impresión,Scanner,KODAK,"Escaner Kodak S2070",https://sedvirtual.sedcolombia.com.co/stockimages/KODAK-1015049-1.jpg,https://sedvirtual.sedcolombia.com.co/stockimages/KODAK-1015049-2.jpg,https://sedvirtual.sedcolombia.com.co/stockimages/KODAK-1015049-3.jpg,https://sedvirtual.sedcolombia.com.co/stockimages/KODAK-1015049-4.jpg,0
1015189,Impresión,Scanner,KODAK,"Escaner Kodak S2080w",https://sedvirtual.sedcolombia.com.co/stockimages/KODAK-1015189-1.jpg,https://sedvirtual.sedcolombia.com.co/stockimages/KODAK-1015189-2.jpg,https://sedvirtual.sedcolombia.com.co/stockimages/KODAK-1015189-3.jpg,https://sedvirtual.sedcolombia.com.co/stockimages/KODAK-1015189-4.jpg,0
1015866,Impresión,Scanner,KODAK,"Kit de Consumibles Escaner Kodak S2050/70/60W/80W",https://sedvirtual.sedcolombia.com.co/stockimages/KODAK-1015866-1.jpg,https://sedvirtual.sedcolombia.com.co/stockimages/KODAK-1015866-2.jpg,https://sedvirtual.sedcolombia.com.co/stockimages/KODAK-1015866-3.jpg,https://sedvirtual.sedcolombia.com.co/stockimages/KODAK-1015866-4.jpg,0
12K9005ELS,Computadores,PC's,LENOVO,"AIO Lenovo NEO 50A  24' Intel i7-13700H 16G 512GB SSD Windows 11P 1Y",https://sedvirtual.sedcolombia.com.co/stockimages/LENOVO-12K9005ELS-1.jpg,https://sedvirtual.sedcolombia.com.co/stockimages/LENOVO-12K9005ELS-2.jpg,https://sedvirtual.sedcolombia.com.co/stockimages/LENOVO-12K9005ELS-3.jpg,https://sedvirtual.sedcolombia.com.co/stockimages/LENOVO-12K9005ELS-4.jpg,0
161-BBPH,Servidores,Discos,DELL,"Disco servidor Dell 4TB Hard Drive NLSAS 7.2K RPM 12Gbps 512n 3.5in Hot-plug",https://sedvirtual.sedcolombia.com.co/stockimages/DELL-161-BBPH-1.jpg,https://sedvirtual.sedcolombia.com.co/stockimages/DELL-161-BBPH-2.jpg,https://sedvirtual.sedcolombia.com.co/stockimages/DELL-161-BBPH-3.jpg,https://sedvirtual.sedcolombia.com.co/stockimages/DELL-161-BBPH-4.jpg,0
161-BBZP,Servidores,Discos,DELL,"Disco servidor Dell 1 TB Hard Drive SATA 6Gbps 7.2K 512e 3.5in cable customer kit","https://sedvirtual.sedcolombia.com.co/stockimages/Servidores-Disco HDD 1 TB Hard Drive SATA-Disco-1TB-7.2K-3.5-SATA-DELL-161-BBZP-1.jpg","https://sedvirtual.sedcolombia.com.co/stockimages/Servidores-Disco HDD 1 TB Hard Drive SATA-Disco-1TB-7.2K-3.5-SATA-DELL-161-BBZP-2.jpg","https://sedvirtual.sedcolombia.com.co/stockimages/Servidores-Disco HDD 1 TB Hard Drive SATA-Disco-1TB-7.2K-3.5-SATA-DELL-161-BBZP-3.jpg","https://sedvirtual.sedcolombia.com.co/stockimages/Servidores-Disco HDD 1 TB Hard Drive SATA-Disco-1TB-7.2K-3.5-SATA-DELL-161-BBZP-4.jpg",0
161-BCFV,Servidores,Discos,DELL,"Disco servidor Dell 2.4TB SAS 10K  3.5",https://sedvirtual.sedcolombia.com.co/stockimages/DELL-161-BCFV-1.jpg,https://sedvirtual.sedcolombia.com.co/stockimages/DELL-161-BCFV-2.jpg,https://sedvirtual.sedcolombia.com.co/stockimages/DELL-161-BCFV-3.jpg,https://sedvirtual.sedcolombia.com.co/stockimages/DELL-161-BCFV-4.jpg,0
1MVRG,Computadores,Portátiles,DELL,"Portátil Dell 3450 Latitude 14' Intel I5-1335U 8GB 512SSD Windows 11 Pro 1Y",https://sedvirtual.sedcolombia.com.co/stockimages/DELL-1MVRG-1.jpg,https://sedvirtual.sedcolombia.com.co/stockimages/DELL-1MVRG-2.jpg,https://sedvirtual.sedcolombia.com.co/stockimages/DELL-1MVRG-3.jpg,https://sedvirtual.sedcolombia.com.co/stockimages/DELL-1MVRG-4.jpg,0
1VD87A#B1K,Impresión,"Impresora Gran Formato",HP,"Impresora PostScript de 44' HP DesignJet T1700",https://sedvirtual.sedcolombia.com.co/stockimages/HP-1VD87AB1K-1.jpg,https://sedvirtual.sedcolombia.com.co/stockimages/HP-1VD87AB1K-2.jpg,https://sedvirtual.sedcolombia.com.co/stockimages/HP-1VD87AB1K-3.jpg,https://sedvirtual.sedcolombia.com.co/stockimages/HP-1VD87AB1K-4.jpg,0
1YXMR,Computadores,Portátiles,DELL,"Portátil Dell 7450 Latitude 14' Intel Ultra 7 165U 16GB 512SSD Windows 11 Pro 3Y",https://sedvirtual.sedcolombia.com.co/stockimages/DELL-1YXMR-1.jpg,https://sedvirtual.sedcolombia.com.co/stockimages/DELL-1YXMR-2.jpg,https://sedvirtual.sedcolombia.com.co/stockimages/DELL-1YXMR-3.jpg,https://sedvirtual.sedcolombia.com.co/stockimages/DELL-1YXMR-4.jpg,0
20519000027LX,Computadores,Portátiles,COMPUMAX,"Portátil Compumax Onix Series 15,6' Ryzen 3-5425U 8GB 500GB SSD M.2 Linux (Ubuntu) 1Y",https://sedvirtual.sedcolombia.com.co/stockimages/COMPUMAX-20519000027LX-1.jpg,https://sedvirtual.sedcolombia.com.co/stockimages/COMPUMAX-20519000027LX-2.jpg,https://sedvirtual.sedcolombia.com.co/stockimages/COMPUMAX-20519000027LX-3.jpg,https://sedvirtual.sedcolombia.com.co/stockimages/COMPUMAX-20519000027LX-4.jpg,0
20519000037WP,Computadores,Portátiles,COMPUMAX,"Portátil Compumax Onix Series 15,6' Ryzen 5-5500U 16GB 500GB SSD M.2 Windows 11 Pro 1Y",https://sedvirtual.sedcolombia.com.co/stockimages/COMPUMAX-20519000037WP-1.jpg,https://sedvirtual.sedcolombia.com.co/stockimages/COMPUMAX-20519000037WP-2.jpg,https://sedvirtual.sedcolombia.com.co/stockimages/COMPUMAX-20519000037WP-3.jpg,https://sedvirtual.sedcolombia.com.co/stockimages/COMPUMAX-20519000037WP-4.jpg,0
21FD000XLM,Computadores,Workstation,LENOVO,"Portatil Lenovo P16v 16' Intel i7-1360H 16GB 1TB SSD Windows 11 Pro 1Y",https://sedvirtual.sedcolombia.com.co/stockimages/LENOVO-21FD000XLM-1.jpg,https://sedvirtual.sedcolombia.com.co/stockimages/LENOVO-21FD000XLM-2.jpg,https://sedvirtual.sedcolombia.com.co/stockimages/LENOVO-21FD000XLM-3.jpg,https://sedvirtual.sedcolombia.com.co/stockimages/LENOVO-21FD000XLM-4.jpg,0
21G3000CLM,Computadores,Workstation,LENOVO,"Portátil Lenovo P14s 14' Intel Ultra 7 155H 16GB 512 SSD 4G Windows 11 Pro 1Y",https://sedvirtual.sedcolombia.com.co/stockimages/LENOVO-21G3000CLM-1.jpg,https://sedvirtual.sedcolombia.com.co/stockimages/LENOVO-21G3000CLM-2.jpg,https://sedvirtual.sedcolombia.com.co/stockimages/LENOVO-21G3000CLM-3.jpg,https://sedvirtual.sedcolombia.com.co/stockimages/LENOVO-21G3000CLM-4.jpg,0
21JS001TLM,Computadores,Portátiles,LENOVO,"Portátil Lenovo Thinkpad E14  14' Ryzen7 -7330U 16GB 512GB SSD Windows 11Pro 3Y",https://sedvirtual.sedcolombia.com.co/stockimages/LENOVO-21JS001TLM-1.jpg,https://sedvirtual.sedcolombia.com.co/stockimages/LENOVO-21JS001TLM-2.jpg,https://sedvirtual.sedcolombia.com.co/stockimages/LENOVO-21JS001TLM-3.jpg,https://sedvirtual.sedcolombia.com.co/stockimages/LENOVO-21JS001TLM-4.jpg,0
21KD0012LM,#REF!,Portátiles,LENOVO,"Portátil Lenovo Thinkpad X1 14' Intel Ultra7 155U 32GB 1TB SSD Windows 11Pro  3Y",https://sedvirtual.sedcolombia.com.co/stockimages/LENOVO-21KD0012LM-1.jpg,https://sedvirtual.sedcolombia.com.co/stockimages/LENOVO-21KD0012LM-2.jpg,https://sedvirtual.sedcolombia.com.co/stockimages/LENOVO-21KD0012LM-3.jpg,https://sedvirtual.sedcolombia.com.co/stockimages/LENOVO-21KD0012LM-4.jpg,0
21KJ009XLM,Computadores,Portátiles,LENOVO,"Portátil Lenovo ThinkBook 14 G6 14' Ryzen5 7430U 16GB 512GB Linux 1YR",https://sedvirtual.sedcolombia.com.co/stockimages/LENOVO-21KJ009XLM-1.jpg,https://sedvirtual.sedcolombia.com.co/stockimages/LENOVO-21KJ009XLM-2.jpg,https://sedvirtual.sedcolombia.com.co/stockimages/LENOVO-21KJ009XLM-3.jpg,https://sedvirtual.sedcolombia.com.co/stockimages/LENOVO-21KJ009XLM-4.jpg,0
21M30053LM,#REF!,Portátiles,LENOVO,"Portátil Lenovo Thinkpad E14 14' Ryzen5 7535U 16GB 512GB SSD Windows 11P  3Y",https://sedvirtual.sedcolombia.com.co/stockimages/LENOVO-21M30053LM-1.jpg,https://sedvirtual.sedcolombia.com.co/stockimages/LENOVO-21M30053LM-2.jpg,https://sedvirtual.sedcolombia.com.co/stockimages/LENOVO-21M30053LM-3.jpg,https://sedvirtual.sedcolombia.com.co/stockimages/LENOVO-21M30053LM-4.jpg,0
22B2HM2,"Televisores y Monitores",Monitores,AOC,"Monitor AOC 21.45' VA/100Hz/4ms/VGA/HDMI/Base Fija",https://sedvirtual.sedcolombia.com.co/stockimages/AOC-22B2HM2-1.jpg,https://sedvirtual.sedcolombia.com.co/stockimages/AOC-22B2HM2-2.jpg,https://sedvirtual.sedcolombia.com.co/stockimages/AOC-22B2HM2-3.jpg,https://sedvirtual.sedcolombia.com.co/stockimages/AOC-22B2HM2-4.jpg,0
24B30H2,"Televisores y Monitores",Monitores,AOC,"Monitor AOC 23.8' IPS/100Hz/1ms/HDMI/B. Fija/Guaya",https://sedvirtual.sedcolombia.com.co/stockimages/AOC-24B30H2-1.jpg,https://sedvirtual.sedcolombia.com.co/stockimages/AOC-24B30H2-2.jpg,https://sedvirtual.sedcolombia.com.co/stockimages/AOC-24B30H2-3.jpg,https://sedvirtual.sedcolombia.com.co/stockimages/AOC-24B30H2-4.jpg,0
25B3492,Impresión,"Suministros de impresión",RICOH,"Cartucho Ricoh Negro M 400FW",https://sedvirtual.sedcolombia.com.co/stockimages/RICOH-25B3492-1.jpg,https://sedvirtual.sedcolombia.com.co/stockimages/RICOH-25B3492-2.jpg,https://sedvirtual.sedcolombia.com.co/stockimages/RICOH-25B3492-3.jpg,https://sedvirtual.sedcolombia.com.co/stockimages/RICOH-25B3492-4.jpg,0
27B30H,"Televisores y Monitores",Monitores,AOC,"Monitor AOC 27' IPS/100Hz/4ms/HDMI/B. Fija/Guaya",https://sedvirtual.sedcolombia.com.co/stockimages/AOC-27B30H-1.jpg,https://sedvirtual.sedcolombia.com.co/stockimages/AOC-27B30H-2.jpg,https://sedvirtual.sedcolombia.com.co/stockimages/AOC-27B30H-3.jpg,https://sedvirtual.sedcolombia.com.co/stockimages/AOC-27B30H-4.jpg,0
27G4E,"Televisores y Monitores",Monitores,AOC,"Monitor Gaming AOC 27' IPS/180Hz/0.5ms/DP,HDMI",https://sedvirtual.sedcolombia.com.co/stockimages/AOC-27G4E-1.jpg,https://sedvirtual.sedcolombia.com.co/stockimages/AOC-27G4E-2.jpg,https://sedvirtual.sedcolombia.com.co/stockimages/AOC-27G4E-3.jpg,https://sedvirtual.sedcolombia.com.co/stockimages/AOC-27G4E-4.jpg,0
2Y9H0A#B1K,Impresión,Impresora,HP,"Impresora HP DesignJet T850 de 36 pulgadas",https://sedvirtual.sedcolombia.com.co/stockimages/HP-2Y9H0A#B1K-1.jpg,https://sedvirtual.sedcolombia.com.co/stockimages/HP-2Y9H0A#B1K-2.jpg,https://sedvirtual.sedcolombia.com.co/stockimages/HP-2Y9H0A#B1K-3.jpg,https://sedvirtual.sedcolombia.com.co/stockimages/HP-2Y9H0A#B1K-4.jpg,0
2Y9H2A#B1K,Impresión,Multifuncional,HP,"Impresora MFP HP DesignJet T850 de 36 pulgadas",https://sedvirtual.sedcolombia.com.co/stockimages/HP-2Y9H2A#B1K-1.jpg,https://sedvirtual.sedcolombia.com.co/stockimages/HP-2Y9H2A#B1K-2.jpg,https://sedvirtual.sedcolombia.com.co/stockimages/HP-2Y9H2A#B1K-3.jpg,https://sedvirtual.sedcolombia.com.co/stockimages/HP-2Y9H2A#B1K-4.jpg,0
2Y9H3A#B1K,Impresión,Multifuncional,HP,"Impresora MFP HP DesignJet T950 de 36 pulgadas",https://sedvirtual.sedcolombia.com.co/stockimages/HP-2Y9H3A#B1K-1.jpg,https://sedvirtual.sedcolombia.com.co/stockimages/HP-2Y9H3A#B1K-2.jpg,https://sedvirtual.sedcolombia.com.co/stockimages/HP-2Y9H3A#B1K-3.jpg,https://sedvirtual.sedcolombia.com.co/stockimages/HP-2Y9H3A#B1K-4.jpg,0
2Z610A#BGJ,Impresión,Impresora,HP,"Impresora HP LaserJet Pro 4003dw",https://sedvirtual.sedcolombia.com.co/stockimages/HP-2Z610ABGJ-1.jpg,https://sedvirtual.sedcolombia.com.co/stockimages/HP-2Z610ABGJ-2.jpg,https://sedvirtual.sedcolombia.com.co/stockimages/HP-2Z610ABGJ-3.jpg,https://sedvirtual.sedcolombia.com.co/stockimages/HP-2Z610ABGJ-4.jpg,0
2Z629A#BGJ,Impresión,Multifuncional,HP,"Impresora HP LaserJet Pro MFP 4103fdw",https://sedvirtual.sedcolombia.com.co/stockimages/HP-2Z629A#BGJ-1.jpg,https://sedvirtual.sedcolombia.com.co/stockimages/HP-2Z629A#BGJ-2.jpg,https://sedvirtual.sedcolombia.com.co/stockimages/HP-2Z629A#BGJ-3.jpg,https://sedvirtual.sedcolombia.com.co/stockimages/HP-2Z629A#BGJ-4.jpg,0
32A4N,"Televisores y Monitores",Televisores,HISENSE,"TV Hisense 32' LED FULL HD Smart TV 32A4N Googletv",https://sedvirtual.sedcolombia.com.co/stockimages/HISENSE-32A4N-1.jpg,https://sedvirtual.sedcolombia.com.co/stockimages/HISENSE-32A4N-2.jpg,https://sedvirtual.sedcolombia.com.co/stockimages/HISENSE-32A4N-3.jpg,https://sedvirtual.sedcolombia.com.co/stockimages/HISENSE-32A4N-4.jpg,0
32SM5J-B.AWC,"Televisores y Monitores",Monitores,LG,"Monitor LG 32' Signage Estándar Full HD",https://sedvirtual.sedcolombia.com.co/stockimages/LG-32SM5J-B.AWC-1.jpg,https://sedvirtual.sedcolombia.com.co/stockimages/LG-32SM5J-B.AWC-2.jpg,https://sedvirtual.sedcolombia.com.co/stockimages/LG-32SM5J-B.AWC-3.jpg,https://sedvirtual.sedcolombia.com.co/stockimages/LG-32SM5J-B.AWC-4.jpg,0
345-BDQM,Servidores,Discos,DELL,"Disco servidor Dell 960GB SSD SATA Read Intensive 6Gbps 512e 2.5in with 3.5in HYB CARR",https://sedvirtual.sedcolombia.com.co/stockimages/DELL-345-BDQM-1.jpg,https://sedvirtual.sedcolombia.com.co/stockimages/DELL-345-BDQM-2.jpg,https://sedvirtual.sedcolombia.com.co/stockimages/DELL-345-BDQM-3.jpg,https://sedvirtual.sedcolombia.com.co/stockimages/DELL-345-BDQM-4.jpg,0
345-BDZZ,Servidores,Discos,DELL,"Disco Dell 480GB SSD SATA Read Intensive 6Gbps 512e 2.5in Hot-plug",https://sedvirtual.sedcolombia.com.co/stockimages/DELL-345-BDZZ-1.jpg,https://sedvirtual.sedcolombia.com.co/stockimages/DELL-345-BDZZ-2.jpg,https://sedvirtual.sedcolombia.com.co/stockimages/DELL-345-BDZZ-3.jpg,https://sedvirtual.sedcolombia.com.co/stockimages/DELL-345-BDZZ-4.jpg,0
345-BEBH,Servidores,Discos,DELL,"Disco servidor Dell 480GB SSD SATA Read Intensive 6Gbps 512e 2.5in with 3.5in Hybrid Carri",https://sedvirtual.sedcolombia.com.co/stockimages/DELL-345-BEBH-1.jpg,https://sedvirtual.sedcolombia.com.co/stockimages/DELL-345-BEBH-2.jpg,https://sedvirtual.sedcolombia.com.co/stockimages/DELL-345-BEBH-3.jpg,https://sedvirtual.sedcolombia.com.co/stockimages/DELL-345-BEBH-4.jpg,0
3PZ55A#BGJ,Impresión,Multifuncional,HP,"Impresora  HP multifunción  LaserJet Enterprise M430f",https://sedvirtual.sedcolombia.com.co/stockimages/HP-3PZ55A#BGJ-1.jpg,https://sedvirtual.sedcolombia.com.co/stockimages/HP-3PZ55A#BGJ-2.jpg,https://sedvirtual.sedcolombia.com.co/stockimages/HP-3PZ55A#BGJ-3.jpg,https://sedvirtual.sedcolombia.com.co/stockimages/HP-3PZ55A#BGJ-4.jpg,0
400-BLLF,Servidores,Discos,DELL,"Disco servidor Dell 4TB Hard Drive SATA 6Gbps 7.2K 512n 3.5in Hot-Plug, CUS Kit",https://sedvirtual.sedcolombia.com.co/stockimages/DELL-400-BLLF-1.jpg,https://sedvirtual.sedcolombia.com.co/stockimages/DELL-400-BLLF-2.jpg,https://sedvirtual.sedcolombia.com.co/stockimages/DELL-400-BLLF-3.jpg,https://sedvirtual.sedcolombia.com.co/stockimages/DELL-400-BLLF-4.jpg,0
400-BLLG,Servidores,Discos,DELL,"Disco servidor Dell 2TB 7.2K RPM SATA 6Gbps 512n 3.5in Hot-plug Hard Drive, CK",https://sedvirtual.sedcolombia.com.co/stockimages/DELL-400-BLLG-1.jpg,https://sedvirtual.sedcolombia.com.co/stockimages/DELL-400-BLLG-2.jpg,https://sedvirtual.sedcolombia.com.co/stockimages/DELL-400-BLLG-3.jpg,https://sedvirtual.sedcolombia.com.co/stockimages/DELL-400-BLLG-4.jpg,0
407823,Impresión,"Suministros de impresión",RICOH,"Cartucho de toner Ricoh  Negro MP 601",https://sedvirtual.sedcolombia.com.co/stockimages/RICOH-407823-1.jpg,https://sedvirtual.sedcolombia.com.co/stockimages/RICOH-407823-2.jpg,https://sedvirtual.sedcolombia.com.co/stockimages/RICOH-407823-3.jpg,https://sedvirtual.sedcolombia.com.co/stockimages/RICOH-407823-4.jpg,0
408284,Impresión,"Suministros de impresión",RICOH,"Cartucho de toner Ricoh Negro SP 3710X",https://sedvirtual.sedcolombia.com.co/stockimages/RICOH-408284-1.jpg,https://sedvirtual.sedcolombia.com.co/stockimages/RICOH-408284-2.jpg,https://sedvirtual.sedcolombia.com.co/stockimages/RICOH-408284-3.jpg,https://sedvirtual.sedcolombia.com.co/stockimages/RICOH-408284-4.jpg,0
408338,Impresión,"Suministros de impresión",RICOH,"Cartucho de toner Ricoh Magenta M C 250H",https://sedvirtual.sedcolombia.com.co/stockimages/RICOH-408338-1.jpg,https://sedvirtual.sedcolombia.com.co/stockimages/RICOH-408338-2.jpg,https://sedvirtual.sedcolombia.com.co/stockimages/RICOH-408338-3.jpg,https://sedvirtual.sedcolombia.com.co/stockimages/RICOH-408338-4.jpg,0
40AY0090US,Accesorios,"Docking Station",LENOVO,"Estación de acoplamiento Docking Lenovo Usb C",https://sedvirtual.sedcolombia.com.co/stockimages/LENOVO-40AY0090US-1.jpg,https://sedvirtual.sedcolombia.com.co/stockimages/LENOVO-40AY0090US-2.jpg,https://sedvirtual.sedcolombia.com.co/stockimages/LENOVO-40AY0090US-3.jpg,https://sedvirtual.sedcolombia.com.co/stockimages/LENOVO-40AY0090US-4.jpg,0
418458,Impresión,Multifuncional,RICOH,"Impresora Multifuncional IM 550F",https://sedvirtual.sedcolombia.com.co/stockimages/RICOH-418458-1.jpg,https://sedvirtual.sedcolombia.com.co/stockimages/RICOH-418458-2.jpg,https://sedvirtual.sedcolombia.com.co/stockimages/RICOH-418458-3.jpg,https://sedvirtual.sedcolombia.com.co/stockimages/RICOH-418458-4.jpg,0
418477,Impresión,"Suministros de impresión",RICOH,"Cartucho de toner Ricoh Negro IM 600",https://sedvirtual.sedcolombia.com.co/stockimages/RICOH-418477-1.jpg,https://sedvirtual.sedcolombia.com.co/stockimages/RICOH-418477-2.jpg,https://sedvirtual.sedcolombia.com.co/stockimages/RICOH-418477-3.jpg,https://sedvirtual.sedcolombia.com.co/stockimages/RICOH-418477-4.jpg,0
418490,Impresión,Multifuncional,RICOH,"Impresora Multifuncional IM 430F",https://sedvirtual.sedcolombia.com.co/stockimages/RICOH-418490-1.jpg,https://sedvirtual.sedcolombia.com.co/stockimages/RICOH-418490-2.jpg,https://sedvirtual.sedcolombia.com.co/stockimages/RICOH-418490-3.jpg,https://sedvirtual.sedcolombia.com.co/stockimages/RICOH-418490-4.jpg,0
418562,Impresión,Multifuncional,RICOH,"Impresora Multifuncional Laser color IM C400F",https://sedvirtual.sedcolombia.com.co/stockimages/RICOH-418562-1.jpg,https://sedvirtual.sedcolombia.com.co/stockimages/RICOH-418562-2.jpg,https://sedvirtual.sedcolombia.com.co/stockimages/RICOH-418562-3.jpg,https://sedvirtual.sedcolombia.com.co/stockimages/RICOH-418562-4.jpg,0
418569,Impresión,Multifuncional,RICOH,"Impresora Multifuncional Laaser color IM C300F",https://sedvirtual.sedcolombia.com.co/stockimages/RICOH-418569-1.jpg,https://sedvirtual.sedcolombia.com.co/stockimages/RICOH-418569-2.jpg,https://sedvirtual.sedcolombia.com.co/stockimages/RICOH-418569-3.jpg,https://sedvirtual.sedcolombia.com.co/stockimages/RICOH-418569-4.jpg,0
43A4N,"Televisores y Monitores",Televisores,HISENSE,"TV Hisense 43' LED FULL HD Smart TV 43A4N Googletv",https://sedvirtual.sedcolombia.com.co/stockimages/HISENSE-43A4N-1.jpg,https://sedvirtual.sedcolombia.com.co/stockimages/HISENSE-43A4N-2.jpg,https://sedvirtual.sedcolombia.com.co/stockimages/HISENSE-43A4N-3.jpg,https://sedvirtual.sedcolombia.com.co/stockimages/HISENSE-43A4N-4.jpg,0
43LM6370PDB.AWC,"Televisores y Monitores",Televisores,LG,"Tv LG 43' 43LM6370PDB LED Full HD Smart TV",https://sedvirtual.sedcolombia.com.co/stockimages/LG-43LM6370PDB.AWC-1.jpg,https://sedvirtual.sedcolombia.com.co/stockimages/LG-43LM6370PDB.AWC-2.jpg,https://sedvirtual.sedcolombia.com.co/stockimages/LG-43LM6370PDB.AWC-3.jpg,https://sedvirtual.sedcolombia.com.co/stockimages/LG-43LM6370PDB.AWC-4.jpg,0
43UL3J-M.AWC,"Televisores y Monitores",Monitores,LG,"Monitor LG 43' de señalizacion Estandar 4KUHD",https://sedvirtual.sedcolombia.com.co/stockimages/LG-43UL3J-M.AWC-1.jpg,https://sedvirtual.sedcolombia.com.co/stockimages/LG-43UL3J-M.AWC-2.jpg,https://sedvirtual.sedcolombia.com.co/stockimages/LG-43UL3J-M.AWC-3.jpg,https://sedvirtual.sedcolombia.com.co/stockimages/LG-43UL3J-M.AWC-4.jpg,0
49UM5N-E.AWC,"Televisores y Monitores",Monitores,LG,"Monitor  LG 49' 4K UHD Signage 500 Nits 24x7",https://sedvirtual.sedcolombia.com.co/stockimages/LG-49UM5N-E.AWC-1.jpg,https://sedvirtual.sedcolombia.com.co/stockimages/LG-49UM5N-E.AWC-2.jpg,https://sedvirtual.sedcolombia.com.co/stockimages/LG-49UM5N-E.AWC-3.jpg,https://sedvirtual.sedcolombia.com.co/stockimages/LG-49UM5N-E.AWC-4.jpg,0
49VL5PJ-A.AWC,"Televisores y Monitores",Monitores,LG,"Monitor LG de 49' Video Wall FHD",https://sedvirtual.sedcolombia.com.co/stockimages/LG-49VL5PJ-A.AWC-1.jpg,https://sedvirtual.sedcolombia.com.co/stockimages/LG-49VL5PJ-A.AWC-2.jpg,https://sedvirtual.sedcolombia.com.co/stockimages/LG-49VL5PJ-A.AWC-3.jpg,https://sedvirtual.sedcolombia.com.co/stockimages/LG-49VL5PJ-A.AWC-4.jpg,0
50A6N,"Televisores y Monitores",Televisores,HISENSE,"TV Hisense 50' LED UHD 4K Smart TV 50A6N VIDAA U7",https://sedvirtual.sedcolombia.com.co/stockimages/HISENSE-50A6N-1.jpg,https://sedvirtual.sedcolombia.com.co/stockimages/HISENSE-50A6N-2.jpg,https://sedvirtual.sedcolombia.com.co/stockimages/HISENSE-50A6N-3.jpg,https://sedvirtual.sedcolombia.com.co/stockimages/HISENSE-50A6N-4.jpg,0
50UR7410PSA.AWC,"Televisores y Monitores",Televisores,LG,"TV LG 50'  50UR7410PSA 4K-UHD LED Smart TV",https://sedvirtual.sedcolombia.com.co/stockimages/LG-50UR7410PSA.AWC-1.jpg,https://sedvirtual.sedcolombia.com.co/stockimages/LG-50UR7410PSA.AWC-2.jpg,https://sedvirtual.sedcolombia.com.co/stockimages/LG-50UR7410PSA.AWC-3.jpg,https://sedvirtual.sedcolombia.com.co/stockimages/LG-50UR7410PSA.AWC-4.jpg,0
50UR7800PSB.AWC,"Televisores y Monitores",Televisores,LG,"Tv LG 50' 50UR7800PSB 4K-UHD LED Smart TV",https://sedvirtual.sedcolombia.com.co/stockimages/LG-50UR7800PSB.AWC-1.jpg,https://sedvirtual.sedcolombia.com.co/stockimages/LG-50UR7800PSB.AWC-2.jpg,https://sedvirtual.sedcolombia.com.co/stockimages/LG-50UR7800PSB.AWC-3.jpg,https://sedvirtual.sedcolombia.com.co/stockimages/LG-50UR7800PSB.AWC-4.jpg,0
55TR3DK-B.MUWQ,"Televisores y Monitores",Monitores,LG,"Monitor LG 55' UHD tableros interactivos",https://sedvirtual.sedcolombia.com.co/stockimages/LG-55TR3DK-B.AUWQ-1.jpg,https://sedvirtual.sedcolombia.com.co/stockimages/LG-55TR3DK-B.AUWQ-2.jpg,https://sedvirtual.sedcolombia.com.co/stockimages/LG-55TR3DK-B.AUWQ-3.jpg,https://sedvirtual.sedcolombia.com.co/stockimages/LG-55TR3DK-B.AUWQ-4.jpg,0
55UH5N-E.AWC,"Televisores y Monitores",Monitores,LG,"Monitor LG 55' 4K UHD",https://sedvirtual.sedcolombia.com.co/stockimages/LG-55UH5N-E.AWC-1.jpg,https://sedvirtual.sedcolombia.com.co/stockimages/LG-55UH5N-E.AWC-2.jpg,https://sedvirtual.sedcolombia.com.co/stockimages/LG-55UH5N-E.AWC-3.jpg,https://sedvirtual.sedcolombia.com.co/stockimages/LG-55UH5N-E.AWC-4.jpg,0
55UR8750PSA.AWC,"Televisores y Monitores",Televisores,LG,"Tv LG 55' UR8750PSA LED Ultra HD 4K Smart TV",https://sedvirtual.sedcolombia.com.co/stockimages/LG-55UR8750PSA.AWC-1.jpg,https://sedvirtual.sedcolombia.com.co/stockimages/LG-55UR8750PSA.AWC-2.jpg,https://sedvirtual.sedcolombia.com.co/stockimages/LG-55UR8750PSA.AWC-3.jpg,https://sedvirtual.sedcolombia.com.co/stockimages/LG-55UR8750PSA.AWC-4.jpg,0
5HB10A#B1K,Impresión,"Impresora Gran Formato",HP,"Impresora HP DesignJet T650 de 36'",https://sedvirtual.sedcolombia.com.co/stockimages/HP-5HB10AB1K-1.jpg,https://sedvirtual.sedcolombia.com.co/stockimages/HP-5HB10AB1K-2.jpg,https://sedvirtual.sedcolombia.com.co/stockimages/HP-5HB10AB1K-3.jpg,https://sedvirtual.sedcolombia.com.co/stockimages/HP-5HB10AB1K-4.jpg,0
5HH48A#BGJ,Impresión,Impresora,HP,"Impresora HP Color LaserJet Pro 4203dw",https://sedvirtual.sedcolombia.com.co/stockimages/HP-5HH48A#BGJ-1.jpg,https://sedvirtual.sedcolombia.com.co/stockimages/HP-5HH48A#BGJ-2.jpg,https://sedvirtual.sedcolombia.com.co/stockimages/HP-5HH48A#BGJ-3.jpg,https://sedvirtual.sedcolombia.com.co/stockimages/HP-5HH48A#BGJ-4.jpg,0
5RD66AA#ABM,"Televisores y Monitores",Monitores,HP,"Monitor HP 19.5' P204v Altura fija 1600 x 900",https://sedvirtual.sedcolombia.com.co/stockimages/HP-5RD66AA#ABM-1.jpg,https://sedvirtual.sedcolombia.com.co/stockimages/HP-5RD66AA#ABM-2.jpg,https://sedvirtual.sedcolombia.com.co/stockimages/HP-5RD66AA#ABM-3.jpg,https://sedvirtual.sedcolombia.com.co/stockimages/HP-5RD66AA#ABM-4.jpg,0
634-BYKR,Servidores,Otro,DELL,"Sistema operativo servidor Dell windows Server 2022,Standard,ROK,16 CORE",https://sedvirtual.sedcolombia.com.co/stockimages/DELL-634-BYKR-1.jpg,https://sedvirtual.sedcolombia.com.co/stockimages/DELL-634-BYKR-2.jpg,https://sedvirtual.sedcolombia.com.co/stockimages/DELL-634-BYKR-3.jpg,https://sedvirtual.sedcolombia.com.co/stockimages/DELL-634-BYKR-4.jpg,0
63EDMAR2LA,"Televisores y Monitores",Monitores,LENOVO,"Monitor Lenovo E24-30 23,8' Altura Ajustable",https://sedvirtual.sedcolombia.com.co/stockimages/LENOVO-63EDMAR2LA-1.jpg,https://sedvirtual.sedcolombia.com.co/stockimages/LENOVO-63EDMAR2LA-2.jpg,https://sedvirtual.sedcolombia.com.co/stockimages/LENOVO-63EDMAR2LA-3.jpg,https://sedvirtual.sedcolombia.com.co/stockimages/LENOVO-63EDMAR2LA-4.jpg,0
64W34AA#ABA,"Televisores y Monitores",Monitores,HP,"monitor 23.8' Adjustable",https://sedvirtual.sedcolombia.com.co/stockimages/HP-64W34AA#ABA-1.jpg,https://sedvirtual.sedcolombia.com.co/stockimages/HP-64W34AA#ABA-2.jpg,https://sedvirtual.sedcolombia.com.co/stockimages/HP-64W34AA#ABA-3.jpg,https://sedvirtual.sedcolombia.com.co/stockimages/HP-64W34AA#ABA-4.jpg,0
655710-B21,Servidores,Discos,HP,"Disco Duro Disco Duro 1TB 6G SATA 7.2k",https://sedvirtual.sedcolombia.com.co/stockimages/HP-655710-B21-1.jpg,https://sedvirtual.sedcolombia.com.co/stockimages/HP-655710-B21-2.jpg,https://sedvirtual.sedcolombia.com.co/stockimages/HP-655710-B21-3.jpg,https://sedvirtual.sedcolombia.com.co/stockimages/HP-655710-B21-4.jpg,0
65TR3DK-B.MUWQ,"Televisores y Monitores",Monitores,LG,"Monitor LG 65' UHD  tableros interactivos",https://sedvirtual.sedcolombia.com.co/stockimages/LG-65TR3DK-B.AUWQ-1.jpg,https://sedvirtual.sedcolombia.com.co/stockimages/LG-65TR3DK-B.AUWQ-2.jpg,https://sedvirtual.sedcolombia.com.co/stockimages/LG-65TR3DK-B.AUWQ-3.jpg,https://sedvirtual.sedcolombia.com.co/stockimages/LG-65TR3DK-B.AUWQ-4.jpg,0
6FW09A#BGJ,Impresión,Scanner,HP,"Escaner HP Enterprise Flow 5000 s5",https://sedvirtual.sedcolombia.com.co/stockimages/HP-6FW09A#BGJ-1.jpg,https://sedvirtual.sedcolombia.com.co/stockimages/HP-6FW09A#BGJ-2.jpg,https://sedvirtual.sedcolombia.com.co/stockimages/HP-6FW09A#BGJ-3.jpg,https://sedvirtual.sedcolombia.com.co/stockimages/HP-6FW09A#BGJ-4.jpg,0
70A6N,"Televisores y Monitores",Televisores,HISENSE,"TV Hisense 70' LED UHD 4K Smart TV 70A6K VIDAA",https://sedvirtual.sedcolombia.com.co/stockimages/HISENSE-70A6N-1.jpg,https://sedvirtual.sedcolombia.com.co/stockimages/HISENSE-70A6N-2.jpg,https://sedvirtual.sedcolombia.com.co/stockimages/HISENSE-70A6N-3.jpg,https://sedvirtual.sedcolombia.com.co/stockimages/HISENSE-70A6N-4.jpg,0
75TR3DK-B.MUWQ,"Televisores y Monitores",Monitores,LG,"Monitor LG 75' UHD   tableros interactivos",https://sedvirtual.sedcolombia.com.co/stockimages/LG-75TR3DK-B.AUWQ-1.jpg,https://sedvirtual.sedcolombia.com.co/stockimages/LG-75TR3DK-B.AUWQ-2.jpg,https://sedvirtual.sedcolombia.com.co/stockimages/LG-75TR3DK-B.AUWQ-3.jpg,https://sedvirtual.sedcolombia.com.co/stockimages/LG-75TR3DK-B.AUWQ-4.jpg,0
7Z7H4LT#ABM,Computadores,Portátiles,HP,"Portátil HP 440 G10 14' Intel i7-1355U 16GB 512GB SSD Windows 11 Pro",https://sedvirtual.sedcolombia.com.co/stockimages/HP-7Z7H4LTABM-1.jpg,https://sedvirtual.sedcolombia.com.co/stockimages/HP-7Z7H4LTABM-2.jpg,https://sedvirtual.sedcolombia.com.co/stockimages/HP-7Z7H4LTABM-3.jpg,https://sedvirtual.sedcolombia.com.co/stockimages/HP-7Z7H4LTABM-4.jpg,0
8001703,Impresión,Scanner,KODAK,"Escáner Kodak S2085f",https://sedvirtual.sedcolombia.com.co/stockimages/KODAK-8001703-1.jpg,https://sedvirtual.sedcolombia.com.co/stockimages/KODAK-8001703-2.jpg,https://sedvirtual.sedcolombia.com.co/stockimages/KODAK-8001703-3.jpg,https://sedvirtual.sedcolombia.com.co/stockimages/KODAK-8001703-4.jpg,0
8001802,Impresión,Scanner,KODAK,"Escaner Kodak S3100",https://sedvirtual.sedcolombia.com.co/stockimages/KODAK-8001802-1.jpg,https://sedvirtual.sedcolombia.com.co/stockimages/KODAK-8001802-2.jpg,https://sedvirtual.sedcolombia.com.co/stockimages/KODAK-8001802-3.jpg,https://sedvirtual.sedcolombia.com.co/stockimages/KODAK-8001802-4.jpg,0
8011876,Impresión,Scanner,KODAK,"Escaner Kodak E1030",https://sedvirtual.sedcolombia.com.co/stockimages/KODAK-8011876-1.jpg,https://sedvirtual.sedcolombia.com.co/stockimages/KODAK-8011876-2.jpg,https://sedvirtual.sedcolombia.com.co/stockimages/KODAK-8011876-3.jpg,https://sedvirtual.sedcolombia.com.co/stockimages/KODAK-8011876-4.jpg,0
82TS00GTLM,Computadores,Portátiles,LENOVO,"Portátil Lenovo V14 G4 14' Intel I5-1235U 8GB 512GB SSD Windows 11P 1Y",https://sedvirtual.sedcolombia.com.co/stockimages/LENOVO-82TS00GTLM-1.jpg,https://sedvirtual.sedcolombia.com.co/stockimages/LENOVO-82TS00GTLM-2.jpg,https://sedvirtual.sedcolombia.com.co/stockimages/LENOVO-82TS00GTLM-3.jpg,https://sedvirtual.sedcolombia.com.co/stockimages/LENOVO-82TS00GTLM-4.jpg,0
842141,Impresión,"Suministros de impresión",RICOH,"Cartucho de toner Ricoh Negro MP 305",https://sedvirtual.sedcolombia.com.co/stockimages/RICOH-842141-1.jpg,https://sedvirtual.sedcolombia.com.co/stockimages/RICOH-842141-2.jpg,https://sedvirtual.sedcolombia.com.co/stockimages/RICOH-842141-3.jpg,https://sedvirtual.sedcolombia.com.co/stockimages/RICOH-842141-4.jpg,0
842370,Impresión,"Suministros de impresión",RICOH,"Cartucho de toner Ricoh Negro IM C400F",https://sedvirtual.sedcolombia.com.co/stockimages/RICOH-842370-1.jpg,https://sedvirtual.sedcolombia.com.co/stockimages/RICOH-842370-2.jpg,https://sedvirtual.sedcolombia.com.co/stockimages/RICOH-842370-3.jpg,https://sedvirtual.sedcolombia.com.co/stockimages/RICOH-842370-4.jpg,0
842371,Impresión,"Suministros de impresión",RICOH,"Cartucho de toner Ricoh Cyan IM C400F",https://sedvirtual.sedcolombia.com.co/stockimages/RICOH-842371-1.jpg,https://sedvirtual.sedcolombia.com.co/stockimages/RICOH-842371-2.jpg,https://sedvirtual.sedcolombia.com.co/stockimages/RICOH-842371-3.jpg,https://sedvirtual.sedcolombia.com.co/stockimages/RICOH-842371-4.jpg,0
842372,Impresión,"Suministros de impresión",RICOH,"Cartucho de toner Ricoh Magenta IM C400F",https://sedvirtual.sedcolombia.com.co/stockimages/RICOH-842372-1.jpg,https://sedvirtual.sedcolombia.com.co/stockimages/RICOH-842372-2.jpg,https://sedvirtual.sedcolombia.com.co/stockimages/RICOH-842372-3.jpg,https://sedvirtual.sedcolombia.com.co/stockimages/RICOH-842372-4.jpg,0
842378,Impresión,"Suministros de impresión",RICOH,"Cartucho de toner Ricoh Negro IM C300F",https://sedvirtual.sedcolombia.com.co/stockimages/RICOH-842378-1.jpg,https://sedvirtual.sedcolombia.com.co/stockimages/RICOH-842378-2.jpg,https://sedvirtual.sedcolombia.com.co/stockimages/RICOH-842378-3.jpg,https://sedvirtual.sedcolombia.com.co/stockimages/RICOH-842378-4.jpg,0
842379,Impresión,"Suministros de impresión",RICOH,"Cartucho de toner Ricoh  Cyan IM C300F",https://sedvirtual.sedcolombia.com.co/stockimages/RICOH-842379-1.jpg,https://sedvirtual.sedcolombia.com.co/stockimages/RICOH-842379-2.jpg,https://sedvirtual.sedcolombia.com.co/stockimages/RICOH-842379-3.jpg,https://sedvirtual.sedcolombia.com.co/stockimages/RICOH-842379-4.jpg,0
842380,Impresión,"Suministros de impresión",RICOH,"Cartucho de toner Ricoh Magenta IM C300F",https://sedvirtual.sedcolombia.com.co/stockimages/RICOH-842380-1.jpg,https://sedvirtual.sedcolombia.com.co/stockimages/RICOH-842380-2.jpg,https://sedvirtual.sedcolombia.com.co/stockimages/RICOH-842380-3.jpg,https://sedvirtual.sedcolombia.com.co/stockimages/RICOH-842380-4.jpg,0
842381,Impresión,"Suministros de impresión",RICOH,"Cartucho de toner Ricoh Yellow IM C300F",https://sedvirtual.sedcolombia.com.co/stockimages/RICOH-842381-1.jpg,https://sedvirtual.sedcolombia.com.co/stockimages/RICOH-842381-2.jpg,https://sedvirtual.sedcolombia.com.co/stockimages/RICOH-842381-3.jpg,https://sedvirtual.sedcolombia.com.co/stockimages/RICOH-842381-4.jpg,0
865408-B21,Servidores,Fuentes,HP,"Fuente de Poder HPE 500W Flex Slot Platinum Hot Plug LH Power Supply Kit",https://sedvirtual.sedcolombia.com.co/stockimages/HP-865408-B21-1.jpg,https://sedvirtual.sedcolombia.com.co/stockimages/HP-865408-B21-2.jpg,https://sedvirtual.sedcolombia.com.co/stockimages/HP-865408-B21-3.jpg,https://sedvirtual.sedcolombia.com.co/stockimages/HP-865408-B21-4.jpg,0
8J4D8AA#ABA,"Televisores y Monitores",Monitores,HP,"Monitor HP Pro 727pq 27' QHD","https://sedvirtual.sedcolombia.com.co/stockimages/HP-8J4D8AA#ABA -1.jpg","https://sedvirtual.sedcolombia.com.co/stockimages/HP-8J4D8AA#ABA -2.jpg","https://sedvirtual.sedcolombia.com.co/stockimages/HP-8J4D8AA#ABA -3.jpg","https://sedvirtual.sedcolombia.com.co/stockimages/HP-8J4D8AA#ABA -4.jpg",0
8X530AA#ABA,"Televisores y Monitores",Monitores,HP,"Monitor HP Serie 7 Pro - 724pf: 23.8'",https://sedvirtual.sedcolombia.com.co/stockimages/HP-8X530AA#ABA-1.jpg,https://sedvirtual.sedcolombia.com.co/stockimages/HP-8X530AA#ABA-2.jpg,https://sedvirtual.sedcolombia.com.co/stockimages/HP-8X530AA#ABA-3.jpg,https://sedvirtual.sedcolombia.com.co/stockimages/HP-8X530AA#ABA-4.jpg,0
92X06LT#ABM,Computadores,Workstation,HP,"PC WS HP Z4 G5 Xeon W3-2423 16GB 512GB SSD 12GB  Windows 11 Profesional 3Y",https://sedvirtual.sedcolombia.com.co/stockimages/HP-92X06LT#ABM-1.jpg,https://sedvirtual.sedcolombia.com.co/stockimages/HP-92X06LT#ABM-2.jpg,https://sedvirtual.sedcolombia.com.co/stockimages/HP-92X06LT#ABM-3.jpg,https://sedvirtual.sedcolombia.com.co/stockimages/HP-92X06LT#ABM-4.jpg,0
9C709LT#ABM,Computadores,Portátiles,HP,"Portátil HP 440 G10 14' Intel I5 1334U 16GB 512SSD Windows 11 Pro 1Y",https://sedvirtual.sedcolombia.com.co/stockimages/HP-9C709LT#ABM-1.jpg,https://sedvirtual.sedcolombia.com.co/stockimages/HP-9C709LT#ABM-2.jpg,https://sedvirtual.sedcolombia.com.co/stockimages/HP-9C709LT#ABM-3.jpg,https://sedvirtual.sedcolombia.com.co/stockimages/HP-9C709LT#ABM-4.jpg,0
9CKND,Computadores,Portátiles,DELL,"Portátil Dell 3450 Latitude 14' Intel I7-1355U 16GB 512SSD Windows 11 Pro 1Y",https://sedvirtual.sedcolombia.com.co/stockimages/DELL-9CKND-1.jpg,https://sedvirtual.sedcolombia.com.co/stockimages/DELL-9CKND-2.jpg,https://sedvirtual.sedcolombia.com.co/stockimages/DELL-9CKND-3.jpg,https://sedvirtual.sedcolombia.com.co/stockimages/DELL-9CKND-4.jpg,0
9H.F86TC.DA1,"Televisores y Monitores",Monitores,BENQ,"Pantalla Interactiva BenQ 75' RE7503 UHD 4K 3Y",https://sedvirtual.sedcolombia.com.co/stockimages/BENQ-9H.F86TC.DA1-1.jpg,https://sedvirtual.sedcolombia.com.co/stockimages/BENQ-9H.F86TC.DA1-2.jpg,https://sedvirtual.sedcolombia.com.co/stockimages/BENQ-9H.F86TC.DA1-3.jpg,https://sedvirtual.sedcolombia.com.co/stockimages/BENQ-9H.F86TC.DA1-4.jpg,0
9H.JRE77.13L,Proyectores,Proyectores,BENQ,"Proyector BenQ Lampara LW500 2000 Lumens WXGA 3y",https://sedvirtual.sedcolombia.com.co/stockimages/BENQ-9H.JRE77.13L-1.jpg,https://sedvirtual.sedcolombia.com.co/stockimages/BENQ-9H.JRE77.13L-2.jpg,https://sedvirtual.sedcolombia.com.co/stockimages/BENQ-9H.JRE77.13L-3.jpg,https://sedvirtual.sedcolombia.com.co/stockimages/BENQ-9H.JRE77.13L-4.jpg,0
9H.LHWLA.TPL,"Televisores y Monitores",Monitores,BENQ,"Monitor BenQ GW2480T 24'FHD HDMI DP VGA 5ms IPS 3y",https://sedvirtual.sedcolombia.com.co/stockimages/BENQ-9H.LHWLA.TPL-1.jpg,https://sedvirtual.sedcolombia.com.co/stockimages/BENQ-9H.LHWLA.TPL-2.jpg,https://sedvirtual.sedcolombia.com.co/stockimages/BENQ-9H.LHWLA.TPL-3.jpg,https://sedvirtual.sedcolombia.com.co/stockimages/BENQ-9H.LHWLA.TPL-4.jpg,0
9H9A5LT#ABM,Computadores,PC's,HP,"PC HP Pro Mini 400 G9R Intel i7-13700T, 16GB, 512GB SSD, Wi-Fi 6, Win 11 Pro 1 año",https://sedvirtual.sedcolombia.com.co/stockimages/HP-9H9A5LT#ABM-1.jpg,https://sedvirtual.sedcolombia.com.co/stockimages/HP-9H9A5LT#ABM-2.jpg,https://sedvirtual.sedcolombia.com.co/stockimages/HP-9H9A5LT#ABM-3.jpg,https://sedvirtual.sedcolombia.com.co/stockimages/HP-9H9A5LT#ABM-4.jpg,0
9P4K1LA#ABM,Computadores,"Todo en Uno",HP,"AIO HP ProOne 240 G10 24' Intel i5-1335U 512GB 8GB Wi-Fi 6 Win 11 Pro","https://sedvirtual.sedcolombia.com.co/stockimages/HP-9P4K1LA#ABM -1.jpg","https://sedvirtual.sedcolombia.com.co/stockimages/HP-9P4K1LA#ABM -2.jpg","https://sedvirtual.sedcolombia.com.co/stockimages/HP-9P4K1LA#ABM -3.jpg","https://sedvirtual.sedcolombia.com.co/stockimages/HP-9P4K1LA#ABM -4.jpg",0
9Q1F3AT#ABM,Computadores,Portátiles,HP,"HP Elite Dragonfly  G4 13.5' Intel I7 1355U 32GB 1TB SSD Win 11 1 año garantia",https://sedvirtual.sedcolombia.com.co/stockimages/HP-9Q1F3AT#ABM-1.jpg,https://sedvirtual.sedcolombia.com.co/stockimages/HP-9Q1F3AT#ABM-2.jpg,https://sedvirtual.sedcolombia.com.co/stockimages/HP-9Q1F3AT#ABM-3.jpg,https://sedvirtual.sedcolombia.com.co/stockimages/HP-9Q1F3AT#ABM-4.jpg,0
A09F1LA#ABM,Computadores,"Todo en Uno",HP,"AIO HP ProOne 245 AiO 24' AMD R7-7730U 512GB SSD 16GB  Wi-Fi 6, Win 11 Pro",https://sedvirtual.sedcolombia.com.co/stockimages/HP-A09F1LA#ABM-1.jpg,https://sedvirtual.sedcolombia.com.co/stockimages/HP-A09F1LA#ABM-2.jpg,https://sedvirtual.sedcolombia.com.co/stockimages/HP-A09F1LA#ABM-3.jpg,https://sedvirtual.sedcolombia.com.co/stockimages/HP-A09F1LA#ABM-4.jpg,0
A17JMLA#ABM,Computadores,PC's,HP,"PC HP Pro Mini 400 G9P Intel i5-14500T 16GB 512GB SDD Windows 11 Pro 1Y",https://sedvirtual.sedcolombia.com.co/stockimages/HP-A17JMLA#ABM-1.jpg,https://sedvirtual.sedcolombia.com.co/stockimages/HP-A17JMLA#ABM-2.jpg,https://sedvirtual.sedcolombia.com.co/stockimages/HP-A17JMLA#ABM-3.jpg,https://sedvirtual.sedcolombia.com.co/stockimages/HP-A17JMLA#ABM-4.jpg,0
A1UP8LT#ABM,Computadores,Portátiles,HP,"Portátil HP  840 G11 14' Intel Ultra U7 155U 32GB 1TB SSD Windows 11 Pro 1Y",https://sedvirtual.sedcolombia.com.co/stockimages/HP-A1UP8LT#ABM-1.jpg,https://sedvirtual.sedcolombia.com.co/stockimages/HP-A1UP8LT#ABM-2.jpg,https://sedvirtual.sedcolombia.com.co/stockimages/HP-A1UP8LT#ABM-3.jpg,https://sedvirtual.sedcolombia.com.co/stockimages/HP-A1UP8LT#ABM-4.jpg,0
A1ZK9LT#ABM,Computadores,Workstation,HP,"PC WS HP Z2G9 Intel i7-14700 32GB 2TB SSD 12GB Windows 11 Profesional 3Y",https://sedvirtual.sedcolombia.com.co/stockimages/HP-A1ZK9LT#ABM-1.jpg,https://sedvirtual.sedcolombia.com.co/stockimages/HP-A1ZK9LT#ABM-2.jpg,https://sedvirtual.sedcolombia.com.co/stockimages/HP-A1ZK9LT#ABM-3.jpg,https://sedvirtual.sedcolombia.com.co/stockimages/HP-A1ZK9LT#ABM-4.jpg,0
A24Z2LT#ABM,Computadores,Portátiles,HP,"Portátil HP 440 G11 14' Intel Ultra U5-125U 16GB 512 SSD Windows 11 Pro 1Y",https://sedvirtual.sedcolombia.com.co/stockimages/HP-A24Z2LT#ABM-1.jpg,https://sedvirtual.sedcolombia.com.co/stockimages/HP-A24Z2LT#ABM-2.jpg,https://sedvirtual.sedcolombia.com.co/stockimages/HP-A24Z2LT#ABM-3.jpg,https://sedvirtual.sedcolombia.com.co/stockimages/HP-A24Z2LT#ABM-4.jpg,0
A24Z3LT#ABM,Computadores,Portátiles,HP,"Portátil HP 440 G11 14' Intel Ultra U7-155U 14  16GB 512 SSD Windows 11 Pro 1Y",https://sedvirtual.sedcolombia.com.co/stockimages/HP-A24Z3LT#ABM-1.jpg,https://sedvirtual.sedcolombia.com.co/stockimages/HP-A24Z3LT#ABM-2.jpg,https://sedvirtual.sedcolombia.com.co/stockimages/HP-A24Z3LT#ABM-3.jpg,https://sedvirtual.sedcolombia.com.co/stockimages/HP-A24Z3LT#ABM-4.jpg,0
A31DRLT#ABM,Computadores,Portátiles,HP,"Portátil HP WS Power 16G11 Intel Ultra 9 185H 16GB 1TB SSD 6GB Windows 11 Pro 1Y",https://sedvirtual.sedcolombia.com.co/stockimages/HP-A31DRLT#ABM-1.jpg,https://sedvirtual.sedcolombia.com.co/stockimages/HP-A31DRLT#ABM-2.jpg,https://sedvirtual.sedcolombia.com.co/stockimages/HP-A31DRLT#ABM-3.jpg,https://sedvirtual.sedcolombia.com.co/stockimages/HP-A31DRLT#ABM-4.jpg,0
A9FC5LT#ABM,Computadores,PC's,HP,"PC WS HP Z1G9 Intel i9-14900 16GB 1TB SSD 8GB Windows 11 Profesional 1Y",https://sedvirtual.sedcolombia.com.co/stockimages/HP-A9FC5LT#ABM-1.jpg,https://sedvirtual.sedcolombia.com.co/stockimages/HP-A9FC5LT#ABM-2.jpg,https://sedvirtual.sedcolombia.com.co/stockimages/HP-A9FC5LT#ABM-3.jpg,https://sedvirtual.sedcolombia.com.co/stockimages/HP-A9FC5LT#ABM-4.jpg,0
A9FH2LA#ABM,Computadores,Portátiles,HP,"Portátil HP 830 G11 13' Intel Ultra U5 125U 32GB 1TB SSD Windows 11 Pro 1Y","https://sedvirtual.sedcolombia.com.co/stockimages/HP-A9FH2LA#ABM                -1.jpg","https://sedvirtual.sedcolombia.com.co/stockimages/HP-A9FH2LA#ABM                -2.jpg","https://sedvirtual.sedcolombia.com.co/stockimages/HP-A9FH2LA#ABM                -3.jpg","https://sedvirtual.sedcolombia.com.co/stockimages/HP-A9FH2LA#ABM                -4.jpg",0
A9FH7LA#ABM,Computadores,Portátiles,HP,"Portátil HP EB X360 1040 G11 14' Intel Ultra U7 155H 32GB 1TB SSD Win 11 Pro 1Y",https://sedvirtual.sedcolombia.com.co/stockimages/HP-A9FH7LA#ABM-1.jpg,https://sedvirtual.sedcolombia.com.co/stockimages/HP-A9FH7LA#ABM-2.jpg,https://sedvirtual.sedcolombia.com.co/stockimages/HP-A9FH7LA#ABM-3.jpg,https://sedvirtual.sedcolombia.com.co/stockimages/HP-A9FH7LA#ABM-4.jpg,0
A9FJ2AT#ABM,Computadores,Portátiles,HP,"Portátil HP 240G9 14' Intel I5 1235U 8GB 512SSD Windows 11 Pro 3Y",https://sedvirtual.sedcolombia.com.co/stockimages/HP-A9FJ2AT#ABM-1.jpg,https://sedvirtual.sedcolombia.com.co/stockimages/HP-A9FJ2AT#ABM-2.jpg,https://sedvirtual.sedcolombia.com.co/stockimages/HP-A9FJ2AT#ABM-3.jpg,https://sedvirtual.sedcolombia.com.co/stockimages/HP-A9FJ2AT#ABM-4.jpg,0
AA810828,Servidores,Memorias,DELL,"Memoria ram servidor Dell 64GB-2RX4 DDR4 RDIMM 3200MHz",https://sedvirtual.sedcolombia.com.co/stockimages/DELL-AA810828-1.jpg,https://sedvirtual.sedcolombia.com.co/stockimages/DELL-AA810828-2.jpg,https://sedvirtual.sedcolombia.com.co/stockimages/DELL-AA810828-3.jpg,https://sedvirtual.sedcolombia.com.co/stockimages/DELL-AA810828-4.jpg,0
AB634642,Servidores,Memorias,DELL,"Memoria ram servidor Dell 32GB-2Rx8 DDR4 RDIMM 3200MHz",https://sedvirtual.sedcolombia.com.co/stockimages/DELL-AB634642-1.jpg,https://sedvirtual.sedcolombia.com.co/stockimages/DELL-AB634642-2.jpg,https://sedvirtual.sedcolombia.com.co/stockimages/DELL-AB634642-3.jpg,https://sedvirtual.sedcolombia.com.co/stockimages/DELL-AB634642-4.jpg,0
AC049355,Servidores,Memorias,DELL,"Memoria ram Dell 16GB - 1Rx8 DDR5 UDIMM 4800MHz",https://sedvirtual.sedcolombia.com.co/stockimages/DELL-AC049355-1.jpg,https://sedvirtual.sedcolombia.com.co/stockimages/DELL-AC049355-2.jpg,https://sedvirtual.sedcolombia.com.co/stockimages/DELL-AC049355-3.jpg,https://sedvirtual.sedcolombia.com.co/stockimages/DELL-AC049355-4.jpg,0
AC049361,Servidores,Memorias,DELL,"Memoria ram Dell 32GB - 2Rx8 DDR5 UDIMM 4800MHz",https://sedvirtual.sedcolombia.com.co/stockimages/DELL-AC049361-1.jpg,https://sedvirtual.sedcolombia.com.co/stockimages/DELL-AC049361-2.jpg,https://sedvirtual.sedcolombia.com.co/stockimages/DELL-AC049361-3.jpg,https://sedvirtual.sedcolombia.com.co/stockimages/DELL-AC049361-4.jpg,0
AD4S26668G19-SGN,Almacenamiento,"Memoria RAM",ADATA,"Memoria RAM Adata para portátil y AIO DDR4 8GB 2666 Mhz",https://sedvirtual.sedcolombia.com.co/stockimages/ADATA-AD4S26668G19-SGN-1.jpg,https://sedvirtual.sedcolombia.com.co/stockimages/ADATA-AD4S26668G19-SGN-2.jpg,https://sedvirtual.sedcolombia.com.co/stockimages/ADATA-AD4S26668G19-SGN-3.jpg,https://sedvirtual.sedcolombia.com.co/stockimages/ADATA-AD4S26668G19-SGN-4.jpg,0
AD4S320016G22-SGN,Almacenamiento,"Memoria RAM",ADATA,"Memoria RAM Adata para portátil y AIO DDR4 16GB 3200 Mhz",https://sedvirtual.sedcolombia.com.co/stockimages/ADATA-AD4S320016G22-SGN-1.jpg,https://sedvirtual.sedcolombia.com.co/stockimages/ADATA-AD4S320016G22-SGN-2.jpg,https://sedvirtual.sedcolombia.com.co/stockimages/ADATA-AD4S320016G22-SGN-3.jpg,https://sedvirtual.sedcolombia.com.co/stockimages/ADATA-AD4S320016G22-SGN-4.jpg,0
AD4S32008G22-SGN,Almacenamiento,"Memoria RAM",ADATA,"Memoria RAM Adata para portátil y AIO DDR4 8GB 3200 Mhz",https://sedvirtual.sedcolombia.com.co/stockimages/ADATA-AD4S32008G22-SGN-1.jpg,https://sedvirtual.sedcolombia.com.co/stockimages/ADATA-AD4S32008G22-SGN-2.jpg,https://sedvirtual.sedcolombia.com.co/stockimages/ADATA-AD4S32008G22-SGN-3.jpg,https://sedvirtual.sedcolombia.com.co/stockimages/ADATA-AD4S32008G22-SGN-4.jpg,0
AD4U26668G19-SGN,Almacenamiento,"Memoria RAM",ADATA,"Memoria RAM Adata para PC DDR4 8GB 2666 Mhz",https://sedvirtual.sedcolombia.com.co/stockimages/ADATA-AD4U26668G19-SGN-1.jpg,https://sedvirtual.sedcolombia.com.co/stockimages/ADATA-AD4U26668G19-SGN-2.jpg,https://sedvirtual.sedcolombia.com.co/stockimages/ADATA-AD4U26668G19-SGN-3.jpg,https://sedvirtual.sedcolombia.com.co/stockimages/ADATA-AD4U26668G19-SGN-4.jpg,0
AD4U320032G22-SGN,Almacenamiento,"Memoria RAM",ADATA,"Memoria RAM Adata para PC DDR4 32GB 3200 Mhz",https://sedvirtual.sedcolombia.com.co/stockimages/ADATA-AD4U320032G22-SGN-1.jpg,https://sedvirtual.sedcolombia.com.co/stockimages/ADATA-AD4U320032G22-SGN-2.jpg,https://sedvirtual.sedcolombia.com.co/stockimages/ADATA-AD4U320032G22-SGN-3.jpg,https://sedvirtual.sedcolombia.com.co/stockimages/ADATA-AD4U320032G22-SGN-4.jpg,0
AD5S480032G-S,Almacenamiento,"Memoria RAM",ADATA,"Memoria RAM Adata para portátil y AIO DDR5 32GB 4800 Mhz",https://sedvirtual.sedcolombia.com.co/stockimages/ADATA-AD5S480032G-S-1.jpg,https://sedvirtual.sedcolombia.com.co/stockimages/ADATA-AD5S480032G-S-2.jpg,https://sedvirtual.sedcolombia.com.co/stockimages/ADATA-AD5S480032G-S-3.jpg,https://sedvirtual.sedcolombia.com.co/stockimages/ADATA-AD5S480032G-S-4.jpg,0
AD5S560016G-S,Almacenamiento,"Memoria RAM",ADATA,"Memoria Ram Adata para portátil 16GB DDR5 5600mhz",https://sedvirtual.sedcolombia.com.co/stockimages/ADATA-AD5S560016G-S-1.jpg,https://sedvirtual.sedcolombia.com.co/stockimages/ADATA-AD5S560016G-S-2.jpg,https://sedvirtual.sedcolombia.com.co/stockimages/ADATA-AD5S560016G-S-3.jpg,https://sedvirtual.sedcolombia.com.co/stockimages/ADATA-AD5S560016G-S-4.jpg,0
AD5S560032G-S,Almacenamiento,"Memoria RAM",ADATA,"Memoria Ram Adata para portátil 32GB DDR5 5600mhz",https://sedvirtual.sedcolombia.com.co/stockimages/ADATA-AD5S560032G-S-1.jpg,https://sedvirtual.sedcolombia.com.co/stockimages/ADATA-AD5S560032G-S-2.jpg,https://sedvirtual.sedcolombia.com.co/stockimages/ADATA-AD5S560032G-S-3.jpg,https://sedvirtual.sedcolombia.com.co/stockimages/ADATA-AD5S560032G-S-4.jpg,0
AD5U480016G-S,Almacenamiento,"Memoria RAM",ADATA,"Memoria RAM Adata para PC DDR5 16GB 4800 Mhz",https://sedvirtual.sedcolombia.com.co/stockimages/ADATA-AD5U480016G-S-1.jpg,https://sedvirtual.sedcolombia.com.co/stockimages/ADATA-AD5U480016G-S-2.jpg,https://sedvirtual.sedcolombia.com.co/stockimages/ADATA-AD5U480016G-S-3.jpg,https://sedvirtual.sedcolombia.com.co/stockimages/ADATA-AD5U480016G-S-4.jpg,0
AD5U480032G-S,Almacenamiento,"Memoria RAM",ADATA,"Memoria RAM Adata para PC DDR5 32GB 4800 Mhz",https://sedvirtual.sedcolombia.com.co/stockimages/ADATA-AD5U480032G-S-1.jpg,https://sedvirtual.sedcolombia.com.co/stockimages/ADATA-AD5U480032G-S-2.jpg,https://sedvirtual.sedcolombia.com.co/stockimages/ADATA-AD5U480032G-S-3.jpg,https://sedvirtual.sedcolombia.com.co/stockimages/ADATA-AD5U480032G-S-4.jpg,0
AD5U560032G-S,Almacenamiento,"Memoria RAM",ADATA,"Memoria Ram Adata para PC 32GB DDR5 5600mhz",https://sedvirtual.sedcolombia.com.co/stockimages/ADATA-AD5U560032G-S-1.jpg,https://sedvirtual.sedcolombia.com.co/stockimages/ADATA-AD5U560032G-S-2.jpg,https://sedvirtual.sedcolombia.com.co/stockimages/ADATA-AD5U560032G-S-3.jpg,https://sedvirtual.sedcolombia.com.co/stockimages/ADATA-AD5U560032G-S-4.jpg,0
ADDS1600W8G11-S,Almacenamiento,"Memoria RAM",ADATA,"Memoria RAM Adata para portátil y AIO DDR3L 8GB 1600 Mhz",https://sedvirtual.sedcolombia.com.co/stockimages/ADATA-ADDS1600W8G11-S-1.jpg,https://sedvirtual.sedcolombia.com.co/stockimages/ADATA-ADDS1600W8G11-S-2.jpg,https://sedvirtual.sedcolombia.com.co/stockimages/ADATA-ADDS1600W8G11-S-3.jpg,https://sedvirtual.sedcolombia.com.co/stockimages/ADATA-ADDS1600W8G11-S-4.jpg,0
ADS3100,Impresión,Scanner,BROTHER,"Escáner Brother ADS3100 6.000 pág, ADF 60",https://sedvirtual.sedcolombia.com.co/stockimages/BROTHER-ADS3100-1.jpg,https://sedvirtual.sedcolombia.com.co/stockimages/BROTHER-ADS3100-2.jpg,https://sedvirtual.sedcolombia.com.co/stockimages/BROTHER-ADS3100-3.jpg,https://sedvirtual.sedcolombia.com.co/stockimages/BROTHER-ADS3100-4.jpg,0
AGAMMIXS70B-1T-CS,Almacenamiento,"Unidad de estado sólido SSD",ADATA,"Unidad SSD XPG Gammix S70 Blade M.2 PCI NVME Gen 4x4 2280 1TB",https://sedvirtual.sedcolombia.com.co/stockimages/ADATA-AGAMMIXS70B-1T-CS-1.jpg,https://sedvirtual.sedcolombia.com.co/stockimages/ADATA-AGAMMIXS70B-1T-CS-2.jpg,https://sedvirtual.sedcolombia.com.co/stockimages/ADATA-AGAMMIXS70B-1T-CS-3.jpg,https://sedvirtual.sedcolombia.com.co/stockimages/ADATA-AGAMMIXS70B-1T-CS-4.jpg,0
AHD330-1TU31-CBK,Almacenamiento,"Disco Duro Externo",ADATA,"Disco Externo Adata HD330 Antigolpes 1TB USB 3.2 Negro",https://sedvirtual.sedcolombia.com.co/stockimages/ADATA-AHD330-1TU31-CBK-1.jpg,https://sedvirtual.sedcolombia.com.co/stockimages/ADATA-AHD330-1TU31-CBK-2.jpg,https://sedvirtual.sedcolombia.com.co/stockimages/ADATA-AHD330-1TU31-CBK-3.jpg,https://sedvirtual.sedcolombia.com.co/stockimages/ADATA-AHD330-1TU31-CBK-4.jpg,0
AHD330-4TU31-CBK,Almacenamiento,"Disco Duro Externo",ADATA,"Disco Externo Adata HD330 Antigolpes 4TB USB 3.2 Negro",https://sedvirtual.sedcolombia.com.co/stockimages/ADATA-AHD330-4TU31-CBK-1.jpg,https://sedvirtual.sedcolombia.com.co/stockimages/ADATA-AHD330-4TU31-CBK-2.jpg,https://sedvirtual.sedcolombia.com.co/stockimages/ADATA-AHD330-4TU31-CBK-3.jpg,https://sedvirtual.sedcolombia.com.co/stockimages/ADATA-AHD330-4TU31-CBK-4.jpg,0
AHD710P-1TU31-CBK,Almacenamiento,"Disco Duro Externo",ADATA,"Disco Externo Adata HD710 P Antigolpes 1TB USB 3.2 Negro",https://sedvirtual.sedcolombia.com.co/stockimages/ADATA-AHD710P-1TU31-CBK-1.jpg,https://sedvirtual.sedcolombia.com.co/stockimages/ADATA-AHD710P-1TU31-CBK-2.jpg,https://sedvirtual.sedcolombia.com.co/stockimages/ADATA-AHD710P-1TU31-CBK-3.jpg,https://sedvirtual.sedcolombia.com.co/stockimages/ADATA-AHD710P-1TU31-CBK-4.jpg,0
ALEG-700-256GCS,Almacenamiento,"Unidad de estado sólido SSD",ADATA,"Unidad SSD ADATA Legend 700 M.2 PCI NVME Gen 3x4 2280 256GB",https://sedvirtual.sedcolombia.com.co/stockimages/ADATA-ALEG-700-256GCS-1.jpg,https://sedvirtual.sedcolombia.com.co/stockimages/ADATA-ALEG-700-256GCS-2.jpg,https://sedvirtual.sedcolombia.com.co/stockimages/ADATA-ALEG-700-256GCS-3.jpg,https://sedvirtual.sedcolombia.com.co/stockimages/ADATA-ALEG-700-256GCS-4.jpg,0
ALEG-700-512GCS,Almacenamiento,"Unidad de estado sólido SSD",ADATA,"Unidad SSD ADATA Legend 700 M.2 PCI NVME Gen 3x4 2280 512GB",https://sedvirtual.sedcolombia.com.co/stockimages/ADATA-ALEG-700-512GCS-1.jpg,https://sedvirtual.sedcolombia.com.co/stockimages/ADATA-ALEG-700-512GCS-2.jpg,https://sedvirtual.sedcolombia.com.co/stockimages/ADATA-ALEG-700-512GCS-3.jpg,https://sedvirtual.sedcolombia.com.co/stockimages/ADATA-ALEG-700-512GCS-4.jpg,0
ALEG-850L-2000GCS,Almacenamiento,"Unidad de estado sólido SSD",ADATA,"Unidad SSD M.2 Pci Nvme Adata Legend 850 Lite 2TB Gen 4x4",https://sedvirtual.sedcolombia.com.co/stockimages/ADATA-ALEG-850L-2000GCS-1.jpg,https://sedvirtual.sedcolombia.com.co/stockimages/ADATA-ALEG-850L-2000GCS-2.jpg,https://sedvirtual.sedcolombia.com.co/stockimages/ADATA-ALEG-850L-2000GCS-3.jpg,https://sedvirtual.sedcolombia.com.co/stockimages/ADATA-ALEG-850L-2000GCS-4.jpg,0
AN1C3LT#ABM,Computadores,PC's,HP,"PC HP SFF 280 G9P Intel i5-14500 16GB 512GB SSD Windows 11 Pro 1Y",https://sedvirtual.sedcolombia.com.co/stockimages/HP-AN1C3LT#ABM-1.jpg,https://sedvirtual.sedcolombia.com.co/stockimages/HP-AN1C3LT#ABM-2.jpg,https://sedvirtual.sedcolombia.com.co/stockimages/HP-AN1C3LT#ABM-3.jpg,https://sedvirtual.sedcolombia.com.co/stockimages/HP-AN1C3LT#ABM-4.jpg,0
AP10000QCD-DGT-CBK,Accesorios,"Power Bank",ADATA,"Power Bank ADATA P10000QCD 10.000 mAh Negro",https://sedvirtual.sedcolombia.com.co/stockimages/ADATA-AP10000QCD-DGT-CBK-1.jpg,https://sedvirtual.sedcolombia.com.co/stockimages/ADATA-AP10000QCD-DGT-CBK-2.jpg,https://sedvirtual.sedcolombia.com.co/stockimages/ADATA-AP10000QCD-DGT-CBK-3.jpg,https://sedvirtual.sedcolombia.com.co/stockimages/ADATA-AP10000QCD-DGT-CBK-4.jpg,0
AP10000QCD-DGT-CDB,Accesorios,"Power Bank",ADATA,"Power Bank ADATA P10000QCD 10.000 mAh Azul Oscuro",https://sedvirtual.sedcolombia.com.co/stockimages/ADATA-AP10000QCD-DGT-CDB-1.jpg,https://sedvirtual.sedcolombia.com.co/stockimages/ADATA-AP10000QCD-DGT-CDB-2.jpg,https://sedvirtual.sedcolombia.com.co/stockimages/ADATA-AP10000QCD-DGT-CDB-3.jpg,https://sedvirtual.sedcolombia.com.co/stockimages/ADATA-AP10000QCD-DGT-CDB-4.jpg,0
AP10000QCD-DGT-CWH,Accesorios,"Power Bank",ADATA,"Power Bank ADATA P10000QCD 10.000 mAh Blanco",https://sedvirtual.sedcolombia.com.co/stockimages/ADATA-AP10000QCD-DGT-CWH-1.jpg,https://sedvirtual.sedcolombia.com.co/stockimages/ADATA-AP10000QCD-DGT-CWH-2.jpg,https://sedvirtual.sedcolombia.com.co/stockimages/ADATA-AP10000QCD-DGT-CWH-3.jpg,https://sedvirtual.sedcolombia.com.co/stockimages/ADATA-AP10000QCD-DGT-CWH-4.jpg,0
AP20000QCD-DGT-CBK,Accesorios,"Power Bank",ADATA,"Power Bank ADATA P20000QCD 20.000 mAh Negro",https://sedvirtual.sedcolombia.com.co/stockimages/ADATA-AP20000QCD-DGT-CBK-1.jpg,https://sedvirtual.sedcolombia.com.co/stockimages/ADATA-AP20000QCD-DGT-CBK-2.jpg,https://sedvirtual.sedcolombia.com.co/stockimages/ADATA-AP20000QCD-DGT-CBK-3.jpg,https://sedvirtual.sedcolombia.com.co/stockimages/ADATA-AP20000QCD-DGT-CBK-4.jpg,0
AP20000QCD-DGT-CDB,Accesorios,"Power Bank",ADATA,"Power Bank ADATA P20000QCD 20.000 mAh Azul Oscuro",https://sedvirtual.sedcolombia.com.co/stockimages/ADATA-AP20000QCD-DGT-CDB-1.jpg,https://sedvirtual.sedcolombia.com.co/stockimages/ADATA-AP20000QCD-DGT-CDB-2.jpg,https://sedvirtual.sedcolombia.com.co/stockimages/ADATA-AP20000QCD-DGT-CDB-3.jpg,https://sedvirtual.sedcolombia.com.co/stockimages/ADATA-AP20000QCD-DGT-CDB-4.jpg,0
ARG-AC-0119WT,Accesorios,Cargadores,ARGOMTECH,"Estacion de Carga Argom 5 puertos USB 6A",https://sedvirtual.sedcolombia.com.co/stockimages/ARGOMTECH-ARG-AC-0119WT-1.jpg,https://sedvirtual.sedcolombia.com.co/stockimages/ARGOMTECH-ARG-AC-0119WT-2.jpg,https://sedvirtual.sedcolombia.com.co/stockimages/ARGOMTECH-ARG-AC-0119WT-3.jpg,https://sedvirtual.sedcolombia.com.co/stockimages/ARGOMTECH-ARG-AC-0119WT-4.jpg,0
ARG-AC-0124BK,Accesorios,Cargadores,ARGOMTECH,"Cargador de pared Argom tipo C- USB 65W",https://sedvirtual.sedcolombia.com.co/stockimages/ARGOMTECH-ARG-AC-0124BK-1.jpg,https://sedvirtual.sedcolombia.com.co/stockimages/ARGOMTECH-ARG-AC-0124BK-2.jpg,https://sedvirtual.sedcolombia.com.co/stockimages/ARGOMTECH-ARG-AC-0124BK-3.jpg,https://sedvirtual.sedcolombia.com.co/stockimages/ARGOMTECH-ARG-AC-0124BK-4.jpg,0
ARG-AC-9180BK,Accesorios,Otro,ARGOMTECH,"Camara Argom De Accion 4K Ultra HD- Control Remoto",https://sedvirtual.sedcolombia.com.co/stockimages/ARGOMTECH-ARG-AC-9180BK-1.jpg,https://sedvirtual.sedcolombia.com.co/stockimages/ARGOMTECH-ARG-AC-9180BK-2.jpg,https://sedvirtual.sedcolombia.com.co/stockimages/ARGOMTECH-ARG-AC-9180BK-3.jpg,https://sedvirtual.sedcolombia.com.co/stockimages/ARGOMTECH-ARG-AC-9180BK-4.jpg,0
ARG-AV-5110,Accesorios,"Replicador de puertos",ARGOMTECH,"Splitter HDMI Argom a 2 canales HDMI",https://sedvirtual.sedcolombia.com.co/stockimages/ARGOMTECH-ARG-AV-5110-1.jpg,https://sedvirtual.sedcolombia.com.co/stockimages/ARGOMTECH-ARG-AV-5110-2.jpg,https://sedvirtual.sedcolombia.com.co/stockimages/ARGOMTECH-ARG-AV-5110-3.jpg,https://sedvirtual.sedcolombia.com.co/stockimages/ARGOMTECH-ARG-AV-5110-4.jpg,0
ARG-AV-5114,Accesorios,"Replicador de puertos",ARGOMTECH,"Splitter HDMI Argom a 4 canales HDMI",https://sedvirtual.sedcolombia.com.co/stockimages/ARGOMTECH-ARG-AV-5114-1.jpg,https://sedvirtual.sedcolombia.com.co/stockimages/ARGOMTECH-ARG-AV-5114-2.jpg,https://sedvirtual.sedcolombia.com.co/stockimages/ARGOMTECH-ARG-AV-5114-3.jpg,https://sedvirtual.sedcolombia.com.co/stockimages/ARGOMTECH-ARG-AV-5114-4.jpg,0
ARG-CB-0021BL,Accesorios,Cables,ARGOMTECH,"Cable Adaptador Argom Micro USB a USB 2.0 -Azul",https://sedvirtual.sedcolombia.com.co/stockimages/ARGOMTECH-ARG-CB-0021BL-1.jpg,https://sedvirtual.sedcolombia.com.co/stockimages/ARGOMTECH-ARG-CB-0021BL-2.jpg,https://sedvirtual.sedcolombia.com.co/stockimages/ARGOMTECH-ARG-CB-0021BL-3.jpg,https://sedvirtual.sedcolombia.com.co/stockimages/ARGOMTECH-ARG-CB-0021BL-4.jpg,0
ARG-CB-0028GR,Accesorios,Cables,ARGOMTECH,"Cable Adaptador Argom Tipo C a USB -1 metro",https://sedvirtual.sedcolombia.com.co/stockimages/ARGOMTECH-ARG-CB-0028GR-1.jpg,https://sedvirtual.sedcolombia.com.co/stockimages/ARGOMTECH-ARG-CB-0028GR-2.jpg,https://sedvirtual.sedcolombia.com.co/stockimages/ARGOMTECH-ARG-CB-0028GR-3.jpg,https://sedvirtual.sedcolombia.com.co/stockimages/ARGOMTECH-ARG-CB-0028GR-4.jpg,0
ARG-CB-0042,Accesorios,Cables,ARGOMTECH,"Cable Adaptador Argom Mini Displayport a HDMI 22cm",https://sedvirtual.sedcolombia.com.co/stockimages/ARGOMTECH-ARG-CB-0042-1.jpg,https://sedvirtual.sedcolombia.com.co/stockimages/ARGOMTECH-ARG-CB-0042-2.jpg,https://sedvirtual.sedcolombia.com.co/stockimages/ARGOMTECH-ARG-CB-0042-3.jpg,https://sedvirtual.sedcolombia.com.co/stockimages/ARGOMTECH-ARG-CB-0042-4.jpg,0
ARG-CB-0043,Accesorios,Cables,ARGOMTECH,"Cable Adaptador Argom tipo C a VGA de 15 cm",https://sedvirtual.sedcolombia.com.co/stockimages/ARGOMTECH-ARG-CB-0043-1.jpg,https://sedvirtual.sedcolombia.com.co/stockimages/ARGOMTECH-ARG-CB-0043-2.jpg,https://sedvirtual.sedcolombia.com.co/stockimages/ARGOMTECH-ARG-CB-0043-3.jpg,https://sedvirtual.sedcolombia.com.co/stockimages/ARGOMTECH-ARG-CB-0043-4.jpg,0
ARG-CB-0045,Accesorios,Cables,ARGOMTECH,"Cable Adaptador Argom USB 2.0 a RJ-45 de 15 cm",https://sedvirtual.sedcolombia.com.co/stockimages/ARGOMTECH-ARG-CB-0045-1.jpg,https://sedvirtual.sedcolombia.com.co/stockimages/ARGOMTECH-ARG-CB-0045-2.jpg,https://sedvirtual.sedcolombia.com.co/stockimages/ARGOMTECH-ARG-CB-0045-3.jpg,https://sedvirtual.sedcolombia.com.co/stockimages/ARGOMTECH-ARG-CB-0045-4.jpg,0
ARG-CB-0049BK,Accesorios,Cables,ARGOMTECH,"Cable Adaptador Argom Tipo C a Tipo C 100W Nylon",https://sedvirtual.sedcolombia.com.co/stockimages/ARGOMTECH-ARG-CB-0049BK-1.jpg,https://sedvirtual.sedcolombia.com.co/stockimages/ARGOMTECH-ARG-CB-0049BK-2.jpg,https://sedvirtual.sedcolombia.com.co/stockimages/ARGOMTECH-ARG-CB-0049BK-3.jpg,https://sedvirtual.sedcolombia.com.co/stockimages/ARGOMTECH-ARG-CB-0049BK-4.jpg,0
ARG-CB-0051,Accesorios,Cables,ARGOMTECH,"Cable Adaptador Argom Micro USB a USB OTG de 15cm",https://sedvirtual.sedcolombia.com.co/stockimages/ARGOMTECH-ARG-CB-0051-1.jpg,https://sedvirtual.sedcolombia.com.co/stockimages/ARGOMTECH-ARG-CB-0051-2.jpg,https://sedvirtual.sedcolombia.com.co/stockimages/ARGOMTECH-ARG-CB-0051-3.jpg,https://sedvirtual.sedcolombia.com.co/stockimages/ARGOMTECH-ARG-CB-0051-4.jpg,0
ARG-CB-0052,Accesorios,Cables,ARGOMTECH,"Cable Adaptador Argom mini HDMI a HDMI de 15cm",https://sedvirtual.sedcolombia.com.co/stockimages/ARGOMTECH-ARG-CB-0052-1.jpg,https://sedvirtual.sedcolombia.com.co/stockimages/ARGOMTECH-ARG-CB-0052-2.jpg,https://sedvirtual.sedcolombia.com.co/stockimages/ARGOMTECH-ARG-CB-0052-3.jpg,https://sedvirtual.sedcolombia.com.co/stockimages/ARGOMTECH-ARG-CB-0052-4.jpg,0
ARG-CB-0053,Accesorios,Cables,ARGOMTECH,"Cable Adaptador Argom Mini Displayport a VGA",https://sedvirtual.sedcolombia.com.co/stockimages/ARGOMTECH-ARG-CB-0053-1.jpg,https://sedvirtual.sedcolombia.com.co/stockimages/ARGOMTECH-ARG-CB-0053-2.jpg,https://sedvirtual.sedcolombia.com.co/stockimages/ARGOMTECH-ARG-CB-0053-3.jpg,https://sedvirtual.sedcolombia.com.co/stockimages/ARGOMTECH-ARG-CB-0053-4.jpg,0
ARG-CB-0056,Accesorios,Cables,ARGOMTECH,"Cable Adaptador Argom Displayport a VGA",https://sedvirtual.sedcolombia.com.co/stockimages/ARGOMTECH-ARG-CB-0056-1.jpg,https://sedvirtual.sedcolombia.com.co/stockimages/ARGOMTECH-ARG-CB-0056-2.jpg,https://sedvirtual.sedcolombia.com.co/stockimages/ARGOMTECH-ARG-CB-0056-3.jpg,https://sedvirtual.sedcolombia.com.co/stockimages/ARGOMTECH-ARG-CB-0056-4.jpg,0
ARG-CB-0060,Accesorios,Cables,ARGOMTECH,"Cable Adaptador Argom Tipo C a HDMI de 15cm",https://sedvirtual.sedcolombia.com.co/stockimages/ARGOMTECH-ARG-CB-0060-1.jpg,https://sedvirtual.sedcolombia.com.co/stockimages/ARGOMTECH-ARG-CB-0060-2.jpg,https://sedvirtual.sedcolombia.com.co/stockimages/ARGOMTECH-ARG-CB-0060-3.jpg,https://sedvirtual.sedcolombia.com.co/stockimages/ARGOMTECH-ARG-CB-0060-4.jpg,0
ARG-CB-0061,Accesorios,Cables,ARGOMTECH,"Cable Adaptador Argom Tipo C a Displayport de 15cm",https://sedvirtual.sedcolombia.com.co/stockimages/ARGOMTECH-ARG-CB-0061-1.jpg,https://sedvirtual.sedcolombia.com.co/stockimages/ARGOMTECH-ARG-CB-0061-2.jpg,https://sedvirtual.sedcolombia.com.co/stockimages/ARGOMTECH-ARG-CB-0061-3.jpg,https://sedvirtual.sedcolombia.com.co/stockimages/ARGOMTECH-ARG-CB-0061-4.jpg,0
ARG-CB-0062,Accesorios,Cables,ARGOMTECH,"Cable Adaptador Argom Tipo C a RJ45 de 15cm",https://sedvirtual.sedcolombia.com.co/stockimages/ARGOMTECH-ARG-CB-0062-1.jpg,https://sedvirtual.sedcolombia.com.co/stockimages/ARGOMTECH-ARG-CB-0062-2.jpg,https://sedvirtual.sedcolombia.com.co/stockimages/ARGOMTECH-ARG-CB-0062-3.jpg,https://sedvirtual.sedcolombia.com.co/stockimages/ARGOMTECH-ARG-CB-0062-4.jpg,0
ARG-CB-0066,Accesorios,Cables,ARGOMTECH,"Cable Adaptador Argom de sonido Estereo Tipo C",https://sedvirtual.sedcolombia.com.co/stockimages/ARGOMTECH-ARG-CB-0066-1.jpg,https://sedvirtual.sedcolombia.com.co/stockimages/ARGOMTECH-ARG-CB-0066-2.jpg,https://sedvirtual.sedcolombia.com.co/stockimages/ARGOMTECH-ARG-CB-0066-3.jpg,https://sedvirtual.sedcolombia.com.co/stockimages/ARGOMTECH-ARG-CB-0066-4.jpg,0
ARG-CB-0067,Accesorios,Cables,ARGOMTECH,"Cable Adaptador Argom de Sonido Estereo USB 2.0",https://sedvirtual.sedcolombia.com.co/stockimages/ARGOMTECH-ARG-CB-0067-1.jpg,https://sedvirtual.sedcolombia.com.co/stockimages/ARGOMTECH-ARG-CB-0067-2.jpg,https://sedvirtual.sedcolombia.com.co/stockimages/ARGOMTECH-ARG-CB-0067-3.jpg,https://sedvirtual.sedcolombia.com.co/stockimages/ARGOMTECH-ARG-CB-0067-4.jpg,0
ARG-CB-0070BK,Accesorios,Cables,ARGOMTECH,"Cable de Silicona Argom Tipo C a Tipo C - 65W",https://sedvirtual.sedcolombia.com.co/stockimages/ARGOMTECH-ARG-CB-0070BK-1.jpg,https://sedvirtual.sedcolombia.com.co/stockimages/ARGOMTECH-ARG-CB-0070BK-2.jpg,https://sedvirtual.sedcolombia.com.co/stockimages/ARGOMTECH-ARG-CB-0070BK-3.jpg,https://sedvirtual.sedcolombia.com.co/stockimages/ARGOMTECH-ARG-CB-0070BK-4.jpg,0
ARG-HS-0525L,Audio,Audífonos,ARGOMTECH,"Audifonos Argom Reduccion de Ruido-1,2m-Mini jack 3.5mm",https://sedvirtual.sedcolombia.com.co/stockimages/ARGOMTECH-ARG-HS-0525L-1.jpg,https://sedvirtual.sedcolombia.com.co/stockimages/ARGOMTECH-ARG-HS-0525L-2.jpg,https://sedvirtual.sedcolombia.com.co/stockimages/ARGOMTECH-ARG-HS-0525L-3.jpg,https://sedvirtual.sedcolombia.com.co/stockimages/ARGOMTECH-ARG-HS-0525L-4.jpg,0
ARG-HS-0525R,Audio,Audífonos,ARGOMTECH,"Audifonos Argom Reduccion de Ruido-1,2m-Mini jack 3.5mm",https://sedvirtual.sedcolombia.com.co/stockimages/ARGOMTECH-ARG-HS-0525R-1.jpg,https://sedvirtual.sedcolombia.com.co/stockimages/ARGOMTECH-ARG-HS-0525R-2.jpg,https://sedvirtual.sedcolombia.com.co/stockimages/ARGOMTECH-ARG-HS-0525R-3.jpg,https://sedvirtual.sedcolombia.com.co/stockimages/ARGOMTECH-ARG-HS-0525R-4.jpg,0
ARG-HS-0595R,Audio,Audífonos,ARGOMTECH,"Audifonos Argom Efectos de Sonido - 1,2m- Mini jack 3.5mm",https://sedvirtual.sedcolombia.com.co/stockimages/ARGOMTECH-ARG-HS-0595R-1.jpg,https://sedvirtual.sedcolombia.com.co/stockimages/ARGOMTECH-ARG-HS-0595R-2.jpg,https://sedvirtual.sedcolombia.com.co/stockimages/ARGOMTECH-ARG-HS-0595R-3.jpg,https://sedvirtual.sedcolombia.com.co/stockimages/ARGOMTECH-ARG-HS-0595R-4.jpg,0
ARG-HS-5050PK,Audio,Audífonos,ARGOMTECH,"Audifonos Inalambricos Argom E50 Bluetooth-Rosado",https://sedvirtual.sedcolombia.com.co/stockimages/ARGOMTECH-ARG-HS-5050PK-1.jpg,https://sedvirtual.sedcolombia.com.co/stockimages/ARGOMTECH-ARG-HS-5050PK-2.jpg,https://sedvirtual.sedcolombia.com.co/stockimages/ARGOMTECH-ARG-HS-5050PK-3.jpg,https://sedvirtual.sedcolombia.com.co/stockimages/ARGOMTECH-ARG-HS-5050PK-4.jpg,0
ARG-HS-5065BK,Audio,Audífonos,ARGOMTECH,"Audifonos Estereo Argom E65 Conexión Bluetooth",https://sedvirtual.sedcolombia.com.co/stockimages/ARGOMTECH-ARG-HS-5065BK-1.jpg,https://sedvirtual.sedcolombia.com.co/stockimages/ARGOMTECH-ARG-HS-5065BK-2.jpg,https://sedvirtual.sedcolombia.com.co/stockimages/ARGOMTECH-ARG-HS-5065BK-3.jpg,https://sedvirtual.sedcolombia.com.co/stockimages/ARGOMTECH-ARG-HS-5065BK-4.jpg,0
ARG-HS-5066BK,Audio,Audífonos,ARGOMTECH,"Audifonos Estereo Argom Inalambricos E66 Negro",https://sedvirtual.sedcolombia.com.co/stockimages/ARGOMTECH-ARG-HS-5066BK-1.jpg,https://sedvirtual.sedcolombia.com.co/stockimages/ARGOMTECH-ARG-HS-5066BK-2.jpg,https://sedvirtual.sedcolombia.com.co/stockimages/ARGOMTECH-ARG-HS-5066BK-3.jpg,https://sedvirtual.sedcolombia.com.co/stockimages/ARGOMTECH-ARG-HS-5066BK-4.jpg,0
ARG-HS-5070BK,Audio,Audífonos,ARGOMTECH,"Audifonos Inalambricos Argom E70 Bluetooh-Negro",https://sedvirtual.sedcolombia.com.co/stockimages/ARGOMTECH-ARG-HS-5070BK-1.jpg,https://sedvirtual.sedcolombia.com.co/stockimages/ARGOMTECH-ARG-HS-5070BK-2.jpg,https://sedvirtual.sedcolombia.com.co/stockimages/ARGOMTECH-ARG-HS-5070BK-3.jpg,https://sedvirtual.sedcolombia.com.co/stockimages/ARGOMTECH-ARG-HS-5070BK-4.jpg,0
ARG-HS-5070BL,Audio,Audífonos,ARGOMTECH,"Audifonos Inalambricos Argom E70 Bluetooh-Azul",https://sedvirtual.sedcolombia.com.co/stockimages/ARGOMTECH-ARG-HS-5070BL-1.jpg,https://sedvirtual.sedcolombia.com.co/stockimages/ARGOMTECH-ARG-HS-5070BL-2.jpg,https://sedvirtual.sedcolombia.com.co/stockimages/ARGOMTECH-ARG-HS-5070BL-3.jpg,https://sedvirtual.sedcolombia.com.co/stockimages/ARGOMTECH-ARG-HS-5070BL-4.jpg,0
ARG-HS-5070PK,Audio,Audífonos,ARGOMTECH,"Audifonos Inalambricos Argom E70 Bluetooh-Rosa",https://sedvirtual.sedcolombia.com.co/stockimages/ARGOMTECH-ARG-HS-5070PK-1.jpg,https://sedvirtual.sedcolombia.com.co/stockimages/ARGOMTECH-ARG-HS-5070PK-2.jpg,https://sedvirtual.sedcolombia.com.co/stockimages/ARGOMTECH-ARG-HS-5070PK-3.jpg,https://sedvirtual.sedcolombia.com.co/stockimages/ARGOMTECH-ARG-HS-5070PK-4.jpg,0
ARG-HS-5085BK,Audio,Audífonos,ARGOMTECH,"Audifonos Estereo BT Argom Inalambricos E85 Negro",https://sedvirtual.sedcolombia.com.co/stockimages/ARGOMTECH-ARG-HS-5085BK-1.jpg,https://sedvirtual.sedcolombia.com.co/stockimages/ARGOMTECH-ARG-HS-5085BK-2.jpg,https://sedvirtual.sedcolombia.com.co/stockimages/ARGOMTECH-ARG-HS-5085BK-3.jpg,https://sedvirtual.sedcolombia.com.co/stockimages/ARGOMTECH-ARG-HS-5085BK-4.jpg,0
ARG-KB-1076,Accesorios,Teclados,ARGOMTECH,"Teclado Numerico Argom Cable USB Retractil - 19 teclas",https://sedvirtual.sedcolombia.com.co/stockimages/ARGOMTECH-ARG-KB-1076-1.jpg,https://sedvirtual.sedcolombia.com.co/stockimages/ARGOMTECH-ARG-KB-1076-2.jpg,https://sedvirtual.sedcolombia.com.co/stockimages/ARGOMTECH-ARG-KB-1076-3.jpg,https://sedvirtual.sedcolombia.com.co/stockimages/ARGOMTECH-ARG-KB-1076-4.jpg,0
ARG-SV-8002WT,Accesorios,Otro,ARGOMTECH,"Timbre Con Camara Argom Full HD 1080P-WI-FI",https://sedvirtual.sedcolombia.com.co/stockimages/ARGOMTECH-ARG-SV-8002WT-1.jpg,https://sedvirtual.sedcolombia.com.co/stockimages/ARGOMTECH-ARG-SV-8002WT-2.jpg,https://sedvirtual.sedcolombia.com.co/stockimages/ARGOMTECH-ARG-SV-8002WT-3.jpg,https://sedvirtual.sedcolombia.com.co/stockimages/ARGOMTECH-ARG-SV-8002WT-4.jpg,0
ARG-SV-8040WT,Accesorios,,ARGOMTECH,"Cámara Smart Argom Convoy40 Wifi 2K para interiores",https://sedvirtual.sedcolombia.com.co/stockimages/ARGOMTECH-ARG-SV-8040WT-1.jpg,https://sedvirtual.sedcolombia.com.co/stockimages/ARGOMTECH-ARG-SV-8040WT-2.jpg,https://sedvirtual.sedcolombia.com.co/stockimages/ARGOMTECH-ARG-SV-8040WT-3.jpg,https://sedvirtual.sedcolombia.com.co/stockimages/ARGOMTECH-ARG-SV-8040WT-4.jpg,0
ARG-UB-0181,Accesorios,Adaptadores,ARGOMTECH,"Convertidor Argom Tipo C 3 en 1",https://sedvirtual.sedcolombia.com.co/stockimages/ARGOMTECH-ARG-UB-0181-1.jpg,https://sedvirtual.sedcolombia.com.co/stockimages/ARGOMTECH-ARG-UB-0181-2.jpg,https://sedvirtual.sedcolombia.com.co/stockimages/ARGOMTECH-ARG-UB-0181-3.jpg,https://sedvirtual.sedcolombia.com.co/stockimages/ARGOMTECH-ARG-UB-0181-4.jpg,0
ARG-WT-6020SL,Accesorios,Smartwatch,ARGOMTECH,"SKEIWATCH B20 ARGOM - SILVER ALUMINUM CASE",https://sedvirtual.sedcolombia.com.co/stockimages/ARGOMTECH-ARG-WT-6020SL-1.jpg,https://sedvirtual.sedcolombia.com.co/stockimages/ARGOMTECH-ARG-WT-6020SL-2.jpg,https://sedvirtual.sedcolombia.com.co/stockimages/ARGOMTECH-ARG-WT-6020SL-3.jpg,https://sedvirtual.sedcolombia.com.co/stockimages/ARGOMTECH-ARG-WT-6020SL-4.jpg,0
ARG-WT-6030BG,Accesorios,Smartwatch,ARGOMTECH,"Reloj Inteligente Argom SKEIWATCH C30 Beige",https://sedvirtual.sedcolombia.com.co/stockimages/ARGOMTECH-ARG-WT-6030BG-1.jpg,https://sedvirtual.sedcolombia.com.co/stockimages/ARGOMTECH-ARG-WT-6030BG-2.jpg,https://sedvirtual.sedcolombia.com.co/stockimages/ARGOMTECH-ARG-WT-6030BG-3.jpg,https://sedvirtual.sedcolombia.com.co/stockimages/ARGOMTECH-ARG-WT-6030BG-4.jpg,0
ARG-WT-6030RG,Accesorios,Smartwatch,ARGOMTECH,"Reloj Inteligente Argom SKEIWATCH C30 Rosado",https://sedvirtual.sedcolombia.com.co/stockimages/ARGOMTECH-ARG-WT-6030RG-1.jpg,https://sedvirtual.sedcolombia.com.co/stockimages/ARGOMTECH-ARG-WT-6030RG-2.jpg,https://sedvirtual.sedcolombia.com.co/stockimages/ARGOMTECH-ARG-WT-6030RG-3.jpg,https://sedvirtual.sedcolombia.com.co/stockimages/ARGOMTECH-ARG-WT-6030RG-4.jpg,0
ARG-WT-6055BG,Accesorios,Smartwatch,ARGOMTECH,"Reloj Inteligente Argom SKEIWATCH S55 Beige",https://sedvirtual.sedcolombia.com.co/stockimages/ARGOMTECH-ARG-WT-6055BG-1.jpg,https://sedvirtual.sedcolombia.com.co/stockimages/ARGOMTECH-ARG-WT-6055BG-2.jpg,https://sedvirtual.sedcolombia.com.co/stockimages/ARGOMTECH-ARG-WT-6055BG-3.jpg,https://sedvirtual.sedcolombia.com.co/stockimages/ARGOMTECH-ARG-WT-6055BG-4.jpg,0
ARG-WT-6070BK,Accesorios,Smartwatch,ARGOMTECH,"Reloj Inteligente Argom SKEIWATCH C70 Negro",https://sedvirtual.sedcolombia.com.co/stockimages/ARGOMTECH-ARG-WT-6070BK-1.jpg,https://sedvirtual.sedcolombia.com.co/stockimages/ARGOMTECH-ARG-WT-6070BK-2.jpg,https://sedvirtual.sedcolombia.com.co/stockimages/ARGOMTECH-ARG-WT-6070BK-3.jpg,https://sedvirtual.sedcolombia.com.co/stockimages/ARGOMTECH-ARG-WT-6070BK-4.jpg,0
ARG-WT-6070BL,Accesorios,Smartwatch,ARGOMTECH,"Reloj Inteligente Argom SKEIWATCH C70 Azul",https://sedvirtual.sedcolombia.com.co/stockimages/ARGOMTECH-ARG-WT-6070BL-1.jpg,https://sedvirtual.sedcolombia.com.co/stockimages/ARGOMTECH-ARG-WT-6070BL-2.jpg,https://sedvirtual.sedcolombia.com.co/stockimages/ARGOMTECH-ARG-WT-6070BL-3.jpg,https://sedvirtual.sedcolombia.com.co/stockimages/ARGOMTECH-ARG-WT-6070BL-4.jpg,0
ASU650SS-1TT-R,Almacenamiento,"Unidad de estado sólido SSD",ADATA,"Unidad SSD ADATA SU650 SATA 2.5' 1TB",https://sedvirtual.sedcolombia.com.co/stockimages/ADATA-ASU650SS-1TT-R-1.jpg,https://sedvirtual.sedcolombia.com.co/stockimages/ADATA-ASU650SS-1TT-R-2.jpg,https://sedvirtual.sedcolombia.com.co/stockimages/ADATA-ASU650SS-1TT-R-3.jpg,https://sedvirtual.sedcolombia.com.co/stockimages/ADATA-ASU650SS-1TT-R-4.jpg,0
ASU650SS-240GT-R,Almacenamiento,"Unidad de estado sólido SSD",ADATA,"Unidad SSD ADATA SU650 SATA 2.5' 240GB",https://sedvirtual.sedcolombia.com.co/stockimages/ADATA-ASU650SS-240GT-R-1.jpg,https://sedvirtual.sedcolombia.com.co/stockimages/ADATA-ASU650SS-240GT-R-2.jpg,https://sedvirtual.sedcolombia.com.co/stockimages/ADATA-ASU650SS-240GT-R-3.jpg,https://sedvirtual.sedcolombia.com.co/stockimages/ADATA-ASU650SS-240GT-R-4.jpg,0
ASU650SS-256GT-R,Almacenamiento,"Unidad de estado sólido SSD",ADATA,"Unidad SSD ADATA SU650 SATA 2.5' 256GB",https://sedvirtual.sedcolombia.com.co/stockimages/ADATA-ASU650SS-256GT-R-1.jpg,https://sedvirtual.sedcolombia.com.co/stockimages/ADATA-ASU650SS-256GT-R-2.jpg,https://sedvirtual.sedcolombia.com.co/stockimages/ADATA-ASU650SS-256GT-R-3.jpg,https://sedvirtual.sedcolombia.com.co/stockimages/ADATA-ASU650SS-256GT-R-4.jpg,0
ASU650SS-480GT-R,Almacenamiento,"Unidad de estado sólido SSD",ADATA,"Unidad SSD ADATA SU650 SATA 2.5' 480GB",https://sedvirtual.sedcolombia.com.co/stockimages/ADATA-ASU650SS-480GT-R-1.jpg,https://sedvirtual.sedcolombia.com.co/stockimages/ADATA-ASU650SS-480GT-R-2.jpg,https://sedvirtual.sedcolombia.com.co/stockimages/ADATA-ASU650SS-480GT-R-3.jpg,https://sedvirtual.sedcolombia.com.co/stockimages/ADATA-ASU650SS-480GT-R-4.jpg,0
ASU650SS-512GT-R,Almacenamiento,"Unidad de estado sólido SSD",ADATA,"Unidad SSD ADATA SU650 SATA 2.5' 512GB",https://sedvirtual.sedcolombia.com.co/stockimages/ADATA-ASU650SS-512GT-R-1.jpg,https://sedvirtual.sedcolombia.com.co/stockimages/ADATA-ASU650SS-512GT-R-2.jpg,https://sedvirtual.sedcolombia.com.co/stockimages/ADATA-ASU650SS-512GT-R-3.jpg,https://sedvirtual.sedcolombia.com.co/stockimages/ADATA-ASU650SS-512GT-R-4.jpg,0
ASU650SS-960GT-R,Almacenamiento,"Unidad de estado sólido SSD",ADATA,"Unidad SSD ADATA SU650 SATA 2.5' 960GB",https://sedvirtual.sedcolombia.com.co/stockimages/ADATA-ASU650SS-960GT-R-1.jpg,https://sedvirtual.sedcolombia.com.co/stockimages/ADATA-ASU650SS-960GT-R-2.jpg,https://sedvirtual.sedcolombia.com.co/stockimages/ADATA-ASU650SS-960GT-R-3.jpg,https://sedvirtual.sedcolombia.com.co/stockimages/ADATA-ASU650SS-960GT-R-4.jpg,0
AUSDH32GUICL10-RA1,Almacenamiento,"Memoria Micro SD",ADATA,"Memoria Micro SD ADATA 32GB clase 10",https://sedvirtual.sedcolombia.com.co/stockimages/ADATA-AUSDH32GUICL10-RA1-1.jpg,https://sedvirtual.sedcolombia.com.co/stockimages/ADATA-AUSDH32GUICL10-RA1-2.jpg,https://sedvirtual.sedcolombia.com.co/stockimages/ADATA-AUSDH32GUICL10-RA1-3.jpg,https://sedvirtual.sedcolombia.com.co/stockimages/ADATA-AUSDH32GUICL10-RA1-4.jpg,0
AUSDX128GUICL10A1-RA1,Almacenamiento,"Memoria Micro SD",ADATA,"Memoria Micro SD ADATA 128GB clase 10",https://sedvirtual.sedcolombia.com.co/stockimages/ADATA-AUSDX128GUICL10A1-RA1-1.jpg,https://sedvirtual.sedcolombia.com.co/stockimages/ADATA-AUSDX128GUICL10A1-RA1-2.jpg,https://sedvirtual.sedcolombia.com.co/stockimages/ADATA-AUSDX128GUICL10A1-RA1-3.jpg,https://sedvirtual.sedcolombia.com.co/stockimages/ADATA-AUSDX128GUICL10A1-RA1-4.jpg,0
AUSDX256GUICL10A1-RA1,Almacenamiento,"Memoria Micro SD",ADATA,"Memoria Micro SD ADATA 256GB clase 10",https://sedvirtual.sedcolombia.com.co/stockimages/ADATA-AUSDX256GUICL10A1-RA1-1.jpg,https://sedvirtual.sedcolombia.com.co/stockimages/ADATA-AUSDX256GUICL10A1-RA1-2.jpg,https://sedvirtual.sedcolombia.com.co/stockimages/ADATA-AUSDX256GUICL10A1-RA1-3.jpg,https://sedvirtual.sedcolombia.com.co/stockimages/ADATA-AUSDX256GUICL10A1-RA1-4.jpg,0
AUV240-32G-RBK,Almacenamiento,"Memoria USB",ADATA,"Memoria USB ADATA UV240 2.0 32GB Negro",https://sedvirtual.sedcolombia.com.co/stockimages/ADATA-AUV240-32G-RBK-1.jpg,https://sedvirtual.sedcolombia.com.co/stockimages/ADATA-AUV240-32G-RBK-2.jpg,https://sedvirtual.sedcolombia.com.co/stockimages/ADATA-AUV240-32G-RBK-3.jpg,https://sedvirtual.sedcolombia.com.co/stockimages/ADATA-AUV240-32G-RBK-4.jpg,0
AUV320-32G-RBKBL,Almacenamiento,"Memoria USB",ADATA,"Memoria USB ADATA UV320 3.2 32GB Negro con Azul",https://sedvirtual.sedcolombia.com.co/stockimages/ADATA-AUV320-32G-RBKBL-1.jpg,https://sedvirtual.sedcolombia.com.co/stockimages/ADATA-AUV320-32G-RBKBL-2.jpg,https://sedvirtual.sedcolombia.com.co/stockimages/ADATA-AUV320-32G-RBKBL-3.jpg,https://sedvirtual.sedcolombia.com.co/stockimages/ADATA-AUV320-32G-RBKBL-4.jpg,0
AUV320-32G-RWHGN,Almacenamiento,"Memoria USB",ADATA,"Memoria USB ADATA UV320 3.2 32GB Blanca con Verde",https://sedvirtual.sedcolombia.com.co/stockimages/ADATA-AUV320-32G-RWHGN-1.jpg,https://sedvirtual.sedcolombia.com.co/stockimages/ADATA-AUV320-32G-RWHGN-2.jpg,https://sedvirtual.sedcolombia.com.co/stockimages/ADATA-AUV320-32G-RWHGN-3.jpg,https://sedvirtual.sedcolombia.com.co/stockimages/ADATA-AUV320-32G-RWHGN-4.jpg,0
AUV320-64G-RBKBL,Almacenamiento,"Memoria USB",ADATA,"Memoria USB ADATA UV320 3.2 64GB Negro con Azul",https://sedvirtual.sedcolombia.com.co/stockimages/ADATA-AUV320-64G-RBKBL-1.jpg,https://sedvirtual.sedcolombia.com.co/stockimages/ADATA-AUV320-64G-RBKBL-2.jpg,https://sedvirtual.sedcolombia.com.co/stockimages/ADATA-AUV320-64G-RBKBL-3.jpg,https://sedvirtual.sedcolombia.com.co/stockimages/ADATA-AUV320-64G-RBKBL-4.jpg,0
AUV350-32G-RBK,Almacenamiento,"Memoria USB",ADATA,"Memoria USB ADATA UV350 3.2 32GB Metálica",https://sedvirtual.sedcolombia.com.co/stockimages/ADATA-AUV350-32G-RBK-1.jpg,https://sedvirtual.sedcolombia.com.co/stockimages/ADATA-AUV350-32G-RBK-2.jpg,https://sedvirtual.sedcolombia.com.co/stockimages/ADATA-AUV350-32G-RBK-3.jpg,https://sedvirtual.sedcolombia.com.co/stockimages/ADATA-AUV350-32G-RBK-4.jpg,0
AUV350-64G-RBK,Almacenamiento,"Memoria USB",ADATA,"Memoria USB ADATA UV350 3.2 64GB Metálica",https://sedvirtual.sedcolombia.com.co/stockimages/ADATA-AUV350-64G-RBK-1.jpg,https://sedvirtual.sedcolombia.com.co/stockimages/ADATA-AUV350-64G-RBK-2.jpg,https://sedvirtual.sedcolombia.com.co/stockimages/ADATA-AUV350-64G-RBK-3.jpg,https://sedvirtual.sedcolombia.com.co/stockimages/ADATA-AUV350-64G-RBK-4.jpg,0
AX5U6000C3016G-CLARBK,Almacenamiento,"Memoria RAM",ADATA,"Memoria Ram XPG LANCER DDR5 16GB  6000Mhz RGB Negra",https://sedvirtual.sedcolombia.com.co/stockimages/ADATA-AX5U6000C3016G-CLARBK-1.jpg,https://sedvirtual.sedcolombia.com.co/stockimages/ADATA-AX5U6000C3016G-CLARBK-2.jpg,https://sedvirtual.sedcolombia.com.co/stockimages/ADATA-AX5U6000C3016G-CLARBK-3.jpg,https://sedvirtual.sedcolombia.com.co/stockimages/ADATA-AX5U6000C3016G-CLARBK-4.jpg,0
AX5U6000C3016G-CLARWH,Almacenamiento,"Memoria RAM",ADATA,"Memoria Ram XPG LANCER DDR5 16GB  6000Mhz RGB blanca",https://sedvirtual.sedcolombia.com.co/stockimages/ADATA-AX5U6000C3016G-CLARWH-1.jpg,https://sedvirtual.sedcolombia.com.co/stockimages/ADATA-AX5U6000C3016G-CLARWH-2.jpg,https://sedvirtual.sedcolombia.com.co/stockimages/ADATA-AX5U6000C3016G-CLARWH-3.jpg,https://sedvirtual.sedcolombia.com.co/stockimages/ADATA-AX5U6000C3016G-CLARWH-4.jpg,0
AX5U6000C3032G-CLARBK,Almacenamiento,"Memoria RAM",ADATA,"Memoria Ram XPG LANCER DDR5 32GB  6000Mhz RGB Negra",https://sedvirtual.sedcolombia.com.co/stockimages/ADATA-AX5U6000C3032G-CLARBK-1.jpg,https://sedvirtual.sedcolombia.com.co/stockimages/ADATA-AX5U6000C3032G-CLARBK-2.jpg,https://sedvirtual.sedcolombia.com.co/stockimages/ADATA-AX5U6000C3032G-CLARBK-3.jpg,https://sedvirtual.sedcolombia.com.co/stockimages/ADATA-AX5U6000C3032G-CLARBK-4.jpg,0
B11B251201,Impresión,Scanner,EPSON,"WorkForce DS-970",https://sedvirtual.sedcolombia.com.co/stockimages/EPSON-B11B251201-1.jpg,https://sedvirtual.sedcolombia.com.co/stockimages/EPSON-B11B251201-2.jpg,https://sedvirtual.sedcolombia.com.co/stockimages/EPSON-B11B251201-3.jpg,https://sedvirtual.sedcolombia.com.co/stockimages/EPSON-B11B251201-4.jpg,0
B11B261202,Impresión,Scanner,EPSON,"WorkForce DS-530 II",https://sedvirtual.sedcolombia.com.co/stockimages/EPSON-B11B261202-1.jpg,https://sedvirtual.sedcolombia.com.co/stockimages/EPSON-B11B261202-2.jpg,https://sedvirtual.sedcolombia.com.co/stockimages/EPSON-B11B261202-3.jpg,https://sedvirtual.sedcolombia.com.co/stockimages/EPSON-B11B261202-4.jpg,0
BATTLECRUISER-BKCWW,Gaming,Chasis,XPG,"Chasis XPG  Battlecruiser Negro",https://sedvirtual.sedcolombia.com.co/stockimages/XPG-BATTLECRUISER-BKCWW-1.jpg,https://sedvirtual.sedcolombia.com.co/stockimages/XPG-BATTLECRUISER-BKCWW-2.jpg,https://sedvirtual.sedcolombia.com.co/stockimages/XPG-BATTLECRUISER-BKCWW-3.jpg,https://sedvirtual.sedcolombia.com.co/stockimages/XPG-BATTLECRUISER-BKCWW-4.jpg,0
BATTLECRUISER-WHCWW,Gaming,Chasis,XPG,"Chasis XPG  Battlecruiser Blanco",https://sedvirtual.sedcolombia.com.co/stockimages/XPG-BATTLECRUISER-WHCWW-1.jpg,https://sedvirtual.sedcolombia.com.co/stockimages/XPG-BATTLECRUISER-WHCWW-2.jpg,https://sedvirtual.sedcolombia.com.co/stockimages/XPG-BATTLECRUISER-WHCWW-3.jpg,https://sedvirtual.sedcolombia.com.co/stockimages/XPG-BATTLECRUISER-WHCWW-4.jpg,0
"BATTLEGROUND L-BK/OGCWW",Accesorios,"Pad mouse",XPG,"Pad Mouse XPG BATTLEGROUND L- Negro-Naranja","https://sedvirtual.sedcolombia.com.co/stockimages/XPG-BATTLEGROUND L-BK/OGCWW-1.jpg","https://sedvirtual.sedcolombia.com.co/stockimages/XPG-BATTLEGROUND L-BK/OGCWW-2.jpg","https://sedvirtual.sedcolombia.com.co/stockimages/XPG-BATTLEGROUND L-BK/OGCWW-3.jpg","https://sedvirtual.sedcolombia.com.co/stockimages/XPG-BATTLEGROUND L-BK/OGCWW-4.jpg",0
BT5001C,Impresión,"Suministros de impresión",BROTHER,"Botella de tinta Brother Cyan 5.000 pág",https://sedvirtual.sedcolombia.com.co/stockimages/BROTHER-BT5001C-1.jpg,https://sedvirtual.sedcolombia.com.co/stockimages/BROTHER-BT5001C-2.jpg,https://sedvirtual.sedcolombia.com.co/stockimages/BROTHER-BT5001C-3.jpg,https://sedvirtual.sedcolombia.com.co/stockimages/BROTHER-BT5001C-4.jpg,0
BT5001M,Impresión,"Suministros de impresión",BROTHER,"Botella de tinta Brother Magenta 5.000 pág",https://sedvirtual.sedcolombia.com.co/stockimages/BROTHER-BT5001M-1.jpg,https://sedvirtual.sedcolombia.com.co/stockimages/BROTHER-BT5001M-2.jpg,https://sedvirtual.sedcolombia.com.co/stockimages/BROTHER-BT5001M-3.jpg,https://sedvirtual.sedcolombia.com.co/stockimages/BROTHER-BT5001M-4.jpg,0
BT5001Y,Impresión,"Suministros de impresión",BROTHER,"Botella de tinta Brother Yellow 5.000 pág",https://sedvirtual.sedcolombia.com.co/stockimages/BROTHER-BT5001Y-1.jpg,https://sedvirtual.sedcolombia.com.co/stockimages/BROTHER-BT5001Y-2.jpg,https://sedvirtual.sedcolombia.com.co/stockimages/BROTHER-BT5001Y-3.jpg,https://sedvirtual.sedcolombia.com.co/stockimages/BROTHER-BT5001Y-4.jpg,0
BTD60BK,Impresión,"Suministros de impresión",BROTHER,"Botella de tinta Brother Black 7.500 pág",https://sedvirtual.sedcolombia.com.co/stockimages/BROTHER-BTD60BK-1.jpg,https://sedvirtual.sedcolombia.com.co/stockimages/BROTHER-BTD60BK-2.jpg,https://sedvirtual.sedcolombia.com.co/stockimages/BROTHER-BTD60BK-3.jpg,https://sedvirtual.sedcolombia.com.co/stockimages/BROTHER-BTD60BK-4.jpg,0
C11CG77301,Impresión,Multifuncional,EPSON,"Impresora MFP Epson WF-C579R Workforce Color",https://sedvirtual.sedcolombia.com.co/stockimages/EPSON-C11CG77301-1.jpg,https://sedvirtual.sedcolombia.com.co/stockimages/EPSON-C11CG77301-2.jpg,https://sedvirtual.sedcolombia.com.co/stockimages/EPSON-C11CG77301-3.jpg,https://sedvirtual.sedcolombia.com.co/stockimages/EPSON-C11CG77301-4.jpg,0
C11CH60301,Impresión,Multifuncional,EPSON,"Impresora MFP Epson Pro C878R Workforce Color",https://sedvirtual.sedcolombia.com.co/stockimages/EPSON-C11CH60301-1.jpg,https://sedvirtual.sedcolombia.com.co/stockimages/EPSON-C11CH60301-2.jpg,https://sedvirtual.sedcolombia.com.co/stockimages/EPSON-C11CH60301-3.jpg,https://sedvirtual.sedcolombia.com.co/stockimages/EPSON-C11CH60301-4.jpg,0
C11CJ68301,Impresión,Multifuncional,EPSON,"Impresora MFT Ecotank L3210",https://sedvirtual.sedcolombia.com.co/stockimages/EPSON-C11CJ68301-1.jpg,https://sedvirtual.sedcolombia.com.co/stockimages/EPSON-C11CJ68301-2.jpg,https://sedvirtual.sedcolombia.com.co/stockimages/EPSON-C11CJ68301-3.jpg,https://sedvirtual.sedcolombia.com.co/stockimages/EPSON-C11CJ68301-4.jpg,0
C11CJ80201,Impresión,Impresora,EPSON,"Impresora Sublimación EPSON SC-F170",https://sedvirtual.sedcolombia.com.co/stockimages/EPSON-C11CJ80201-1.jpg,https://sedvirtual.sedcolombia.com.co/stockimages/EPSON-C11CJ80201-2.jpg,https://sedvirtual.sedcolombia.com.co/stockimages/EPSON-C11CJ80201-3.jpg,https://sedvirtual.sedcolombia.com.co/stockimages/EPSON-C11CJ80201-4.jpg,0
C11CK57301,Impresión,Multifuncional,EPSON,"Impresora MFT Ecotank L5590",https://sedvirtual.sedcolombia.com.co/stockimages/EPSON-C11CK57301-1.jpg,https://sedvirtual.sedcolombia.com.co/stockimages/EPSON-C11CK57301-2.jpg,https://sedvirtual.sedcolombia.com.co/stockimages/EPSON-C11CK57301-3.jpg,https://sedvirtual.sedcolombia.com.co/stockimages/EPSON-C11CK57301-4.jpg,0
C12C938211,Impresión,"Accesorios de impresión",EPSON,"Caja de Mantenimiento para WF C53X0 / 58X0",https://sedvirtual.sedcolombia.com.co/stockimages/EPSON-C12C938211-1.jpg,https://sedvirtual.sedcolombia.com.co/stockimages/EPSON-C12C938211-2.jpg,https://sedvirtual.sedcolombia.com.co/stockimages/EPSON-C12C938211-3.jpg,https://sedvirtual.sedcolombia.com.co/stockimages/EPSON-C12C938211-4.jpg,0
C13S210115,Impresión,"Accesorios de impresión",EPSLFPS,"Caja de mantenimiento de tinta EPSON Series Ty P",https://sedvirtual.sedcolombia.com.co/stockimages/EPSON-C13S210115-1.jpg,https://sedvirtual.sedcolombia.com.co/stockimages/EPSON-C13S210115-2.jpg,https://sedvirtual.sedcolombia.com.co/stockimages/EPSON-C13S210115-3.jpg,https://sedvirtual.sedcolombia.com.co/stockimages/EPSON-C13S210115-4.jpg,0
C13S210125,Impresión,"Accesorios de impresión",EPSLFPS,"Caja de mantenimiento de tinta EPSON C13S210125",https://sedvirtual.sedcolombia.com.co/stockimages/EPSON-C13S210125-1.jpg,https://sedvirtual.sedcolombia.com.co/stockimages/EPSON-C13S210125-2.jpg,https://sedvirtual.sedcolombia.com.co/stockimages/EPSON-C13S210125-3.jpg,https://sedvirtual.sedcolombia.com.co/stockimages/EPSON-C13S210125-4.jpg,0
C13T44B120,Impresión,"Suministros de impresión",EPSON,"Cartucho Epson de tinta Negra para C6000/C6500",https://sedvirtual.sedcolombia.com.co/stockimages/EPSON-C13T44B120-1.jpg,https://sedvirtual.sedcolombia.com.co/stockimages/EPSON-C13T44B120-2.jpg,https://sedvirtual.sedcolombia.com.co/stockimages/EPSON-C13T44B120-3.jpg,https://sedvirtual.sedcolombia.com.co/stockimages/EPSON-C13T44B120-4.jpg,0
C13T44B220,Impresión,"Suministros de impresión",EPSON,"Cartucho Epson de tinta Cyan para C6000/C6500",https://sedvirtual.sedcolombia.com.co/stockimages/EPSON-C13T44B220-1.jpg,https://sedvirtual.sedcolombia.com.co/stockimages/EPSON-C13T44B220-2.jpg,https://sedvirtual.sedcolombia.com.co/stockimages/EPSON-C13T44B220-3.jpg,https://sedvirtual.sedcolombia.com.co/stockimages/EPSON-C13T44B220-4.jpg,0
C13T44B320,Impresión,"Suministros de impresión",EPSON,"Cartucho Epson de tinta Magenta para C6000/C6500",https://sedvirtual.sedcolombia.com.co/stockimages/EPSON-C13T44B320-1.jpg,https://sedvirtual.sedcolombia.com.co/stockimages/EPSON-C13T44B320-2.jpg,https://sedvirtual.sedcolombia.com.co/stockimages/EPSON-C13T44B320-3.jpg,https://sedvirtual.sedcolombia.com.co/stockimages/EPSON-C13T44B320-4.jpg,0
C13T44B420,Impresión,"Suministros de impresión",EPSON,"Cartucho Epson de tinta Amarilla para C6000/C6500",https://sedvirtual.sedcolombia.com.co/stockimages/EPSON-C13T44B420-1.jpg,https://sedvirtual.sedcolombia.com.co/stockimages/EPSON-C13T44B420-2.jpg,https://sedvirtual.sedcolombia.com.co/stockimages/EPSON-C13T44B420-3.jpg,https://sedvirtual.sedcolombia.com.co/stockimages/EPSON-C13T44B420-4.jpg,0
C13T44B520,Impresión,"Suministros de impresión",EPSIMPCS,"Cartucho Epson de tinta Negro Matte C6000/C6500",https://sedvirtual.sedcolombia.com.co/stockimages/EPSON-C13T44B520-1.jpg,https://sedvirtual.sedcolombia.com.co/stockimages/EPSON-C13T44B520-2.jpg,https://sedvirtual.sedcolombia.com.co/stockimages/EPSON-C13T44B520-3.jpg,https://sedvirtual.sedcolombia.com.co/stockimages/EPSON-C13T44B520-4.jpg,0
C13T52L120,Impresión,"Suministros de impresión",EPSON,"Cartucho Epson de tinta Negra para TM-C4000",https://sedvirtual.sedcolombia.com.co/stockimages/EPSON-C13T52L120-1.jpg,https://sedvirtual.sedcolombia.com.co/stockimages/EPSON-C13T52L120-2.jpg,https://sedvirtual.sedcolombia.com.co/stockimages/EPSON-C13T52L120-3.jpg,https://sedvirtual.sedcolombia.com.co/stockimages/EPSON-C13T52L120-4.jpg,0
C13T52L220,Impresión,"Suministros de impresión",EPSON,"Cartucho Epson de tinta Cyan para TM-C4000",https://sedvirtual.sedcolombia.com.co/stockimages/EPSON-C13T52L220-1.jpg,https://sedvirtual.sedcolombia.com.co/stockimages/EPSON-C13T52L220-2.jpg,https://sedvirtual.sedcolombia.com.co/stockimages/EPSON-C13T52L220-3.jpg,https://sedvirtual.sedcolombia.com.co/stockimages/EPSON-C13T52L220-4.jpg,0
C13T52L320,Impresión,"Suministros de impresión",EPSON,"Cartucho Epson de tinta Magenta para TM-C4000",https://sedvirtual.sedcolombia.com.co/stockimages/EPSON-C13T52L320-1.jpg,https://sedvirtual.sedcolombia.com.co/stockimages/EPSON-C13T52L320-2.jpg,https://sedvirtual.sedcolombia.com.co/stockimages/EPSON-C13T52L320-3.jpg,https://sedvirtual.sedcolombia.com.co/stockimages/EPSON-C13T52L320-4.jpg,0
C13T52L420,Impresión,"Suministros de impresión",EPSON,"Cartucho Epson de tinta Amarilla para TM-C4000",https://sedvirtual.sedcolombia.com.co/stockimages/EPSON-C13T52L420-1.jpg,https://sedvirtual.sedcolombia.com.co/stockimages/EPSON-C13T52L420-2.jpg,https://sedvirtual.sedcolombia.com.co/stockimages/EPSON-C13T52L420-3.jpg,https://sedvirtual.sedcolombia.com.co/stockimages/EPSON-C13T52L420-4.jpg,0
C31CH76101,Impresión,Impresora,EPSON,"Impresora para etiquetas Epson CW-C6000 ColorWorks",https://sedvirtual.sedcolombia.com.co/stockimages/EPSON-C31CH76101-1.jpg,https://sedvirtual.sedcolombia.com.co/stockimages/EPSON-C31CH76101-2.jpg,https://sedvirtual.sedcolombia.com.co/stockimages/EPSON-C31CH76101-3.jpg,https://sedvirtual.sedcolombia.com.co/stockimages/EPSON-C31CH76101-4.jpg,0
C31CH77101,Impresión,Impresora,EPSON,"Impresora Para Etiquetas a Color, I/F Usb, Ethernet, Autocortador, Inkjet Ultra Chrome, Precision Core, Ancho papel 8', ZPLII (simulación)",https://sedvirtual.sedcolombia.com.co/stockimages/EPSON-C31CH77101-1.jpg,https://sedvirtual.sedcolombia.com.co/stockimages/EPSON-C31CH77101-2.jpg,https://sedvirtual.sedcolombia.com.co/stockimages/EPSON-C31CH77101-3.jpg,https://sedvirtual.sedcolombia.com.co/stockimages/EPSON-C31CH77101-4.jpg,0
C31CK03101,Impresión,Impresora,EPSON,"Impresora para etiquetas Epson CW-C4000 ColorWorks",https://sedvirtual.sedcolombia.com.co/stockimages/EPSON-C31CK03101-1.jpg,https://sedvirtual.sedcolombia.com.co/stockimages/EPSON-C31CK03101-2.jpg,https://sedvirtual.sedcolombia.com.co/stockimages/EPSON-C31CK03101-3.jpg,https://sedvirtual.sedcolombia.com.co/stockimages/EPSON-C31CK03101-4.jpg,0
C33S020580,Impresión,"Accesorios de impresión",EPSON,"Caja de Mantenimiento para TM-C3500",https://sedvirtual.sedcolombia.com.co/stockimages/EPSON-C33S020580-1.jpg,https://sedvirtual.sedcolombia.com.co/stockimages/EPSON-C33S020580-2.jpg,https://sedvirtual.sedcolombia.com.co/stockimages/EPSON-C33S020580-3.jpg,https://sedvirtual.sedcolombia.com.co/stockimages/EPSON-C33S020580-4.jpg,0
C33S020637,Impresión,"Suministros de impresión",EPSON,"Cartucho de tinta EPSON Magenta para TM-C7500G",https://sedvirtual.sedcolombia.com.co/stockimages/EPSON-C33S020637-1.jpg,https://sedvirtual.sedcolombia.com.co/stockimages/EPSON-C33S020637-2.jpg,https://sedvirtual.sedcolombia.com.co/stockimages/EPSON-C33S020637-3.jpg,https://sedvirtual.sedcolombia.com.co/stockimages/EPSON-C33S020637-4.jpg,0
C33S020638,Impresión,"Suministros de impresión",EPSON,"Cartucho de tinta EPSON Amarillo para TM-C7500",https://sedvirtual.sedcolombia.com.co/stockimages/EPSON-C33S020638-1.jpg,https://sedvirtual.sedcolombia.com.co/stockimages/EPSON-C33S020638-2.jpg,https://sedvirtual.sedcolombia.com.co/stockimages/EPSON-C33S020638-3.jpg,https://sedvirtual.sedcolombia.com.co/stockimages/EPSON-C33S020638-4.jpg,0
C33S021601,Impresión,"Accesorios de impresión",EPSIMPCS,"Caja de Mantenimiento Epson para TM-C4000 SJMB4000",https://sedvirtual.sedcolombia.com.co/stockimages/EPSON-C33S021601-1.jpg,https://sedvirtual.sedcolombia.com.co/stockimages/EPSON-C33S021601-2.jpg,https://sedvirtual.sedcolombia.com.co/stockimages/EPSON-C33S021601-3.jpg,https://sedvirtual.sedcolombia.com.co/stockimages/EPSON-C33S021601-4.jpg,0
C3P56,Computadores,Portátiles,DELL,"Portátil Dell 3520 15.6' Intel I7-1255U 8GB 512GB SSD Linux 1Y",https://sedvirtual.sedcolombia.com.co/stockimages/DELL-C3P56-1.jpg,https://sedvirtual.sedcolombia.com.co/stockimages/DELL-C3P56-2.jpg,https://sedvirtual.sedcolombia.com.co/stockimages/DELL-C3P56-3.jpg,https://sedvirtual.sedcolombia.com.co/stockimages/DELL-C3P56-4.jpg,0
COREREACTORII650G-BKCUS,Gaming,"Fuente de Poder",XPG,"Fuente Poder XPG CoreReactorII 650W 80 Plus Gold",https://sedvirtual.sedcolombia.com.co/stockimages/XPG-COREREACTORII650G-BKCUS-1.jpg,https://sedvirtual.sedcolombia.com.co/stockimages/XPG-COREREACTORII650G-BKCUS-2.jpg,https://sedvirtual.sedcolombia.com.co/stockimages/XPG-COREREACTORII650G-BKCUS-3.jpg,https://sedvirtual.sedcolombia.com.co/stockimages/XPG-COREREACTORII650G-BKCUS-4.jpg,0
COREREACTORII750G-BKCUS,Gaming,"Fuente de Poder",XPG,"Fuente Poder XPG CoreReactorII 750W 80 Plus Gold",https://sedvirtual.sedcolombia.com.co/stockimages/XPG-COREREACTORII750G-BKCUS-1.jpg,https://sedvirtual.sedcolombia.com.co/stockimages/XPG-COREREACTORII750G-BKCUS-2.jpg,https://sedvirtual.sedcolombia.com.co/stockimages/XPG-COREREACTORII750G-BKCUS-3.jpg,https://sedvirtual.sedcolombia.com.co/stockimages/XPG-COREREACTORII750G-BKCUS-4.jpg,0
COREREACTORII850GBKCUS,Gaming,"Fuente de Poder",XPG,"Fuente Poder XPG CoreReactorII 850W 80 Plus Gold",https://sedvirtual.sedcolombia.com.co/stockimages/XPG-COREREACTORII850G-BKCUS-1.jpg,https://sedvirtual.sedcolombia.com.co/stockimages/XPG-COREREACTORII850G-BKCUS-2.jpg,https://sedvirtual.sedcolombia.com.co/stockimages/XPG-COREREACTORII850G-BKCUS-3.jpg,https://sedvirtual.sedcolombia.com.co/stockimages/XPG-COREREACTORII850G-BKCUS-4.jpg,0
COREREACTORII850G-BKCUS,Gaming,"Fuente de Poder",XPG,"Fuente Poder XPG CoreReactorII 850W 80 Plus Gold",https://sedvirtual.sedcolombia.com.co/stockimages/XPG-COREREACTORII850G-BKCUS-1.jpg,https://sedvirtual.sedcolombia.com.co/stockimages/XPG-COREREACTORII850G-BKCUS-2.jpg,https://sedvirtual.sedcolombia.com.co/stockimages/XPG-COREREACTORII850G-BKCUS-3.jpg,https://sedvirtual.sedcolombia.com.co/stockimages/XPG-COREREACTORII850G-BKCUS-4.jpg,0
COREREACTORIIVE750G-BKCUS,Gaming,"Fuente de Poder",XPG,"Fuente Poder XPG CoreReactorIIVE 750W 80 Plus Gold",https://sedvirtual.sedcolombia.com.co/stockimages/XPG-COREREACTORIIVE750G-BKCUS-1.jpg,https://sedvirtual.sedcolombia.com.co/stockimages/XPG-COREREACTORIIVE750G-BKCUS-2.jpg,https://sedvirtual.sedcolombia.com.co/stockimages/XPG-COREREACTORIIVE750G-BKCUS-3.jpg,https://sedvirtual.sedcolombia.com.co/stockimages/XPG-COREREACTORIIVE750G-BKCUS-4.jpg,0
COREREACTORIIVE850G-BKCUS,Gaming,"Fuente de Poder",XPG,"Fuente Poder XPG CoreReactorIIVE 850W 80 Plus Gold",https://sedvirtual.sedcolombia.com.co/stockimages/XPG-COREREACTORIIVE850G-BKCUS-1.jpg,https://sedvirtual.sedcolombia.com.co/stockimages/XPG-COREREACTORIIVE850G-BKCUS-2.jpg,https://sedvirtual.sedcolombia.com.co/stockimages/XPG-COREREACTORIIVE850G-BKCUS-3.jpg,https://sedvirtual.sedcolombia.com.co/stockimages/XPG-COREREACTORIIVE850G-BKCUS-4.jpg,0
CRUISERST-BKCWW,Gaming,Chasis,XPG,"Chasis XPG Cruiser Negro",https://sedvirtual.sedcolombia.com.co/stockimages/XPG-CRUISERST-BKCWW-1.jpg,https://sedvirtual.sedcolombia.com.co/stockimages/XPG-CRUISERST-BKCWW-2.jpg,https://sedvirtual.sedcolombia.com.co/stockimages/XPG-CRUISERST-BKCWW-3.jpg,https://sedvirtual.sedcolombia.com.co/stockimages/XPG-CRUISERST-BKCWW-4.jpg,0
CRUISERST-WHCWW,Gaming,Chasis,XPG,"Chasis XPG Cruiser Blanco",https://sedvirtual.sedcolombia.com.co/stockimages/XPG-CRUISERST-WHCWW-1.jpg,https://sedvirtual.sedcolombia.com.co/stockimages/XPG-CRUISERST-WHCWW-2.jpg,https://sedvirtual.sedcolombia.com.co/stockimages/XPG-CRUISERST-WHCWW-3.jpg,https://sedvirtual.sedcolombia.com.co/stockimages/XPG-CRUISERST-WHCWW-4.jpg,0
DAP-2610,Conectividad,"Acces Point",DLINK,"Acces Point D-LINK DAP-2610 Dual Band",https://sedvirtual.sedcolombia.com.co/stockimages/DLINK-DAP-2610-1.jpg,https://sedvirtual.sedcolombia.com.co/stockimages/DLINK-DAP-2610-2.jpg,https://sedvirtual.sedcolombia.com.co/stockimages/DLINK-DAP-2610-3.jpg,https://sedvirtual.sedcolombia.com.co/stockimages/DLINK-DAP-2610-4.jpg,0
DCPT520W,Impresión,Multifuncional,BROTHER,"Impresora Brother DCPT520W MFP A4 InkJet",https://sedvirtual.sedcolombia.com.co/stockimages/BROTHER-DCPT520W-1.jpg,https://sedvirtual.sedcolombia.com.co/stockimages/BROTHER-DCPT520W-2.jpg,https://sedvirtual.sedcolombia.com.co/stockimages/BROTHER-DCPT520W-3.jpg,https://sedvirtual.sedcolombia.com.co/stockimages/BROTHER-DCPT520W-4.jpg,0
DCPT720DW,Impresión,Multifuncional,BROTHER,"Impresora Brother DCPT720DW MFP A4 InkJet",https://sedvirtual.sedcolombia.com.co/stockimages/BROTHER-DCPT720DW-1.jpg,https://sedvirtual.sedcolombia.com.co/stockimages/BROTHER-DCPT720DW-2.jpg,https://sedvirtual.sedcolombia.com.co/stockimages/BROTHER-DCPT720DW-3.jpg,https://sedvirtual.sedcolombia.com.co/stockimages/BROTHER-DCPT720DW-4.jpg,0
DEFENDERPRO-BKCWW,Gaming,Chasis,XPG,"Chasis XPG Defender Pro Negro",https://sedvirtual.sedcolombia.com.co/stockimages/XPG-DEFENDERPRO-BKCWW-1.jpg,https://sedvirtual.sedcolombia.com.co/stockimages/XPG-DEFENDERPRO-BKCWW-2.jpg,https://sedvirtual.sedcolombia.com.co/stockimages/XPG-DEFENDERPRO-BKCWW-3.jpg,https://sedvirtual.sedcolombia.com.co/stockimages/XPG-DEFENDERPRO-BKCWW-4.jpg,0
DEFENDERPRO-WHCWW,Gaming,Chasis,XPG,"Chasis XPG Defender Pro Blanco",https://sedvirtual.sedcolombia.com.co/stockimages/XPG-DEFENDERPRO-WHCWW-1.jpg,https://sedvirtual.sedcolombia.com.co/stockimages/XPG-DEFENDERPRO-WHCWW-2.jpg,https://sedvirtual.sedcolombia.com.co/stockimages/XPG-DEFENDERPRO-WHCWW-3.jpg,https://sedvirtual.sedcolombia.com.co/stockimages/XPG-DEFENDERPRO-WHCWW-4.jpg,0
DEM-310GT,Conectividad,Switch,DLINK,"Transceiver D-link DEM-310GT",https://sedvirtual.sedcolombia.com.co/stockimages/DLINK-DEM-310GT-1.jpg,https://sedvirtual.sedcolombia.com.co/stockimages/DLINK-DEM-310GT-2.jpg,https://sedvirtual.sedcolombia.com.co/stockimages/DLINK-DEM-310GT-3.jpg,https://sedvirtual.sedcolombia.com.co/stockimages/DLINK-DEM-310GT-4.jpg,0
DEM-330T,Accesorios,Otro,DLINK,"Transceiver D-Lik DEM-330T",https://sedvirtual.sedcolombia.com.co/stockimages/DLINK-DEM-330T-1.jpg,https://sedvirtual.sedcolombia.com.co/stockimages/DLINK-DEM-330T-2.jpg,https://sedvirtual.sedcolombia.com.co/stockimages/DLINK-DEM-330T-3.jpg,https://sedvirtual.sedcolombia.com.co/stockimages/DLINK-DEM-330T-4.jpg,0
DES-1005A,Conectividad,Switch,DLINK,"Switch D-Link DES-1005A Unmanaged Switch",https://sedvirtual.sedcolombia.com.co/stockimages/DLINK-DES-1005A-1.jpg,https://sedvirtual.sedcolombia.com.co/stockimages/DLINK-DES-1005A-2.jpg,https://sedvirtual.sedcolombia.com.co/stockimages/DLINK-DES-1005A-3.jpg,https://sedvirtual.sedcolombia.com.co/stockimages/DLINK-DES-1005A-4.jpg,0
DES-1008C,Conectividad,Switch,DLINK,"Switch D-Link DES-1008C Unmanaged Switch",https://sedvirtual.sedcolombia.com.co/stockimages/DLINK-DES-1008C-1.jpg,https://sedvirtual.sedcolombia.com.co/stockimages/DLINK-DES-1008C-2.jpg,https://sedvirtual.sedcolombia.com.co/stockimages/DLINK-DES-1008C-3.jpg,https://sedvirtual.sedcolombia.com.co/stockimages/DLINK-DES-1008C-4.jpg,0
DGS-1005A,Conectividad,Switch,DLINK,"Swtich D-link DGS-1005A 5 puertos no Administrable",https://sedvirtual.sedcolombia.com.co/stockimages/DLINK-DGS-1005A-1.jpg,https://sedvirtual.sedcolombia.com.co/stockimages/DLINK-DGS-1005A-2.jpg,https://sedvirtual.sedcolombia.com.co/stockimages/DLINK-DGS-1005A-3.jpg,https://sedvirtual.sedcolombia.com.co/stockimages/DLINK-DGS-1005A-4.jpg,0
DGS-1008A,Conectividad,Switch,DLINK,"Switch D-Link DGS-1008A Unmanaged Switch",https://sedvirtual.sedcolombia.com.co/stockimages/DLINK-DGS-1008A-1.jpg,https://sedvirtual.sedcolombia.com.co/stockimages/DLINK-DGS-1008A-2.jpg,https://sedvirtual.sedcolombia.com.co/stockimages/DLINK-DGS-1008A-3.jpg,https://sedvirtual.sedcolombia.com.co/stockimages/DLINK-DGS-1008A-4.jpg,0
DGS-1024C,Conectividad,Switch,DLINK,"Switch D-link DGS-1024C 10/100/1000 Mpbs",https://sedvirtual.sedcolombia.com.co/stockimages/DLINK-DGS-1024C-1.jpg,https://sedvirtual.sedcolombia.com.co/stockimages/DLINK-DGS-1024C-2.jpg,https://sedvirtual.sedcolombia.com.co/stockimages/DLINK-DGS-1024C-3.jpg,https://sedvirtual.sedcolombia.com.co/stockimages/DLINK-DGS-1024C-4.jpg,0
DGS-1210-26,Conectividad,Switch,DLINK,"Swtich D-Link DGS-1210-26 Smart Managed",https://sedvirtual.sedcolombia.com.co/stockimages/DLINK-DGS-1210-26-1.jpg,https://sedvirtual.sedcolombia.com.co/stockimages/DLINK-DGS-1210-26-2.jpg,https://sedvirtual.sedcolombia.com.co/stockimages/DLINK-DGS-1210-26-3.jpg,https://sedvirtual.sedcolombia.com.co/stockimages/DLINK-DGS-1210-26-4.jpg,0
DGS-1210-52MP,Conectividad,Switch,DLINK,"Switch D-Link DGS-1210-52MP PoE",https://sedvirtual.sedcolombia.com.co/stockimages/DLINK-DGS-1210-52MP-1.jpg,https://sedvirtual.sedcolombia.com.co/stockimages/DLINK-DGS-1210-52MP-2.jpg,https://sedvirtual.sedcolombia.com.co/stockimages/DLINK-DGS-1210-52MP-3.jpg,https://sedvirtual.sedcolombia.com.co/stockimages/DLINK-DGS-1210-52MP-4.jpg,0
DGS-3130-30PS,Conectividad,Switch,DLINK,"Switch Dlink DGS-3130-30PS administrable PoE",https://sedvirtual.sedcolombia.com.co/stockimages/DLINK-DGS-3130-30PS-1.jpg,https://sedvirtual.sedcolombia.com.co/stockimages/DLINK-DGS-3130-30PS-2.jpg,https://sedvirtual.sedcolombia.com.co/stockimages/DLINK-DGS-3130-30PS-3.jpg,https://sedvirtual.sedcolombia.com.co/stockimages/DLINK-DGS-3130-30PS-4.jpg,0
DIR-819,Conectividad,Router,DLINK,"Router D-Link DIR-819 AC750",https://sedvirtual.sedcolombia.com.co/stockimages/DLINK-DIR-819-1.jpg,https://sedvirtual.sedcolombia.com.co/stockimages/DLINK-DIR-819-2.jpg,https://sedvirtual.sedcolombia.com.co/stockimages/DLINK-DIR-819-3.jpg,https://sedvirtual.sedcolombia.com.co/stockimages/DLINK-DIR-819-4.jpg,0
DIR-825M,Conectividad,Router,DLINK,"Router D-Link DIR-825M AC1200 equipo dual band",https://sedvirtual.sedcolombia.com.co/stockimages/DLINK-DIR-825M-1.jpg,https://sedvirtual.sedcolombia.com.co/stockimages/DLINK-DIR-825M-2.jpg,https://sedvirtual.sedcolombia.com.co/stockimages/DLINK-DIR-825M-3.jpg,https://sedvirtual.sedcolombia.com.co/stockimages/DLINK-DIR-825M-4.jpg,0
DQ.R1TAL.002,Computadores,"Todo en Uno",ACER,"AIO Acer Vero 23,8' Intel i5 14500 16GB 512GB SSD Windows 11 Pro 1Y",https://sedvirtual.sedcolombia.com.co/stockimages/ACER-DQ.R1TAL.002-1.jpg,https://sedvirtual.sedcolombia.com.co/stockimages/ACER-DQ.R1TAL.002-2.jpg,https://sedvirtual.sedcolombia.com.co/stockimages/ACER-DQ.R1TAL.002-3.jpg,https://sedvirtual.sedcolombia.com.co/stockimages/ACER-DQ.R1TAL.002-4.jpg,0
DR925,Impresión,"Suministros de impresión",BROTHER,"Toner Brother DR925 Negro, 75.000 Páginas",https://sedvirtual.sedcolombia.com.co/stockimages/BROTHER-DR925-1.jpg,https://sedvirtual.sedcolombia.com.co/stockimages/BROTHER-DR925-2.jpg,https://sedvirtual.sedcolombia.com.co/stockimages/BROTHER-DR925-3.jpg,https://sedvirtual.sedcolombia.com.co/stockimages/BROTHER-DR925-4.jpg,0
DT.VXVAL.001,Computadores,PC's,ACER,"Desktop Mini Acer Veriton Intel i5 13500T 8GB 512GB SSD Windows 11 Pro 3Y",https://sedvirtual.sedcolombia.com.co/stockimages/ACER-DT.VXVAL.001-1.jpg,https://sedvirtual.sedcolombia.com.co/stockimages/ACER-DT.VXVAL.001-2.jpg,https://sedvirtual.sedcolombia.com.co/stockimages/ACER-DT.VXVAL.001-3.jpg,https://sedvirtual.sedcolombia.com.co/stockimages/ACER-DT.VXVAL.001-4.jpg,0
E2222HS,"Televisores y Monitores",Monitores,DELL,"Monitor DELL 21.5' E2222HS LED Full HD",https://sedvirtual.sedcolombia.com.co/stockimages/DELL-E2222HS-1.jpg,https://sedvirtual.sedcolombia.com.co/stockimages/DELL-E2222HS-2.jpg,https://sedvirtual.sedcolombia.com.co/stockimages/DELL-E2222HS-3.jpg,https://sedvirtual.sedcolombia.com.co/stockimages/DELL-E2222HS-4.jpg,0
FSP12,Cámaras,Otro,IMOU,"Panel Solar IMOU FSP12 Para Cámara CELLGO IPC-B32N",https://sedvirtual.sedcolombia.com.co/stockimages/IMOU-FSP12-1.jpg,https://sedvirtual.sedcolombia.com.co/stockimages/IMOU-FSP12-2.jpg,https://sedvirtual.sedcolombia.com.co/stockimages/IMOU-FSP12-3.jpg,https://sedvirtual.sedcolombia.com.co/stockimages/IMOU-FSP12-4.jpg,0
FUSION1600T-BKCUS,Gaming,"Fuente de Poder",XPG,"Fuente Poder XPG Fusion 1600 Titanium",https://sedvirtual.sedcolombia.com.co/stockimages/XPG-FUSION1600T-BKCUS-1.jpg,https://sedvirtual.sedcolombia.com.co/stockimages/XPG-FUSION1600T-BKCUS-2.jpg,https://sedvirtual.sedcolombia.com.co/stockimages/XPG-FUSION1600T-BKCUS-3.jpg,https://sedvirtual.sedcolombia.com.co/stockimages/XPG-FUSION1600T-BKCUS-4.jpg,0
G403,Conectividad,Router,DLINK,"Router D-Link 4G G403 N300",https://sedvirtual.sedcolombia.com.co/stockimages/DLINK-G403-1.jpg,https://sedvirtual.sedcolombia.com.co/stockimages/DLINK-G403-2.jpg,https://sedvirtual.sedcolombia.com.co/stockimages/DLINK-G403-3.jpg,https://sedvirtual.sedcolombia.com.co/stockimages/DLINK-G403-4.jpg,0
GD5U5600716G-SMI,Almacenamiento,"Memoria RAM",ADATA,"Memoria RAM Adata para PC DDR5 16GB 5600 Mhz",https://sedvirtual.sedcolombia.com.co/stockimages/ADATA-GD5U5600716G-SMI-1.jpg,https://sedvirtual.sedcolombia.com.co/stockimages/ADATA-GD5U5600716G-SMI-2.jpg,https://sedvirtual.sedcolombia.com.co/stockimages/ADATA-GD5U5600716G-SMI-3.jpg,https://sedvirtual.sedcolombia.com.co/stockimages/ADATA-GD5U5600716G-SMI-4.jpg,0
HDTB510XK3AA,Almacenamiento,"Disco Duro Externo e Interno",TOSHIBA,"Disco Portátil Toshiba® Canvio® Basics, Negro 1TB",https://sedvirtual.sedcolombia.com.co/stockimages/TOSHIBA-HDTB510XK3AA-1.jpg,https://sedvirtual.sedcolombia.com.co/stockimages/TOSHIBA-HDTB510XK3AA-2.jpg,https://sedvirtual.sedcolombia.com.co/stockimages/TOSHIBA-HDTB510XK3AA-3.jpg,https://sedvirtual.sedcolombia.com.co/stockimages/TOSHIBA-HDTB510XK3AA-4.jpg,0
HDTB540XK3CA,Almacenamiento,"Disco Duro Externo e Interno",TOSHIBA,"Disco Portátil Toshiba® Canvio® Basics, Negro 4TB",https://sedvirtual.sedcolombia.com.co/stockimages/TOSHIBA-HDTB540XK3CA-1.jpg,https://sedvirtual.sedcolombia.com.co/stockimages/TOSHIBA-HDTB540XK3CA-2.jpg,https://sedvirtual.sedcolombia.com.co/stockimages/TOSHIBA-HDTB540XK3CA-3.jpg,https://sedvirtual.sedcolombia.com.co/stockimages/TOSHIBA-HDTB540XK3CA-4.jpg,0
HDTCA10XR3AA,Almacenamiento,"Disco Duro Externo e Interno",TOSHIBA,"Disco Portátil Toshiba® Canvio® Advance V10, Rojo 1TB",https://sedvirtual.sedcolombia.com.co/stockimages/TOSHIBA-HDTCA10XR3AA-1.jpg,https://sedvirtual.sedcolombia.com.co/stockimages/TOSHIBA-HDTCA10XR3AA-2.jpg,https://sedvirtual.sedcolombia.com.co/stockimages/TOSHIBA-HDTCA10XR3AA-3.jpg,https://sedvirtual.sedcolombia.com.co/stockimages/TOSHIBA-HDTCA10XR3AA-4.jpg,0
HDTX110XK3AA,Almacenamiento,"Disco Duro Externo e Interno",TOSHIBA,"Disco Portátil Toshiba® Canvio® Gaming, Negro 1TB",https://sedvirtual.sedcolombia.com.co/stockimages/TOSHIBA-HDTX110XK3AA-1.jpg,https://sedvirtual.sedcolombia.com.co/stockimages/TOSHIBA-HDTX110XK3AA-2.jpg,https://sedvirtual.sedcolombia.com.co/stockimages/TOSHIBA-HDTX110XK3AA-3.jpg,https://sedvirtual.sedcolombia.com.co/stockimages/TOSHIBA-HDTX110XK3AA-4.jpg,0
HDTX110XSCAA,Almacenamiento,"Disco Duro Externo e Interno",TOSHIBA,"Disco Portátil Toshiba® Canvio® Flex, Plateado 1TB",https://sedvirtual.sedcolombia.com.co/stockimages/TOSHIBA-HDTX110XSCAA-1.jpg,https://sedvirtual.sedcolombia.com.co/stockimages/TOSHIBA-HDTX110XSCAA-2.jpg,https://sedvirtual.sedcolombia.com.co/stockimages/TOSHIBA-HDTX110XSCAA-3.jpg,https://sedvirtual.sedcolombia.com.co/stockimages/TOSHIBA-HDTX110XSCAA-4.jpg,0
HDWG51JXZSTA,Almacenamiento,"Disco Duro Externo e Interno",TOSHIBA,"Disco Duro Interno Toshiba® N300  de Rendimiento , 18TB",https://sedvirtual.sedcolombia.com.co/stockimages/TOSHIBA-HDWG51JXZSTA-1.jpg,https://sedvirtual.sedcolombia.com.co/stockimages/TOSHIBA-HDWG51JXZSTA-2.jpg,https://sedvirtual.sedcolombia.com.co/stockimages/TOSHIBA-HDWG51JXZSTA-3.jpg,https://sedvirtual.sedcolombia.com.co/stockimages/TOSHIBA-HDWG51JXZSTA-4.jpg,0
HLL6415DW,Impresión,Multifuncional,BROTHER,"Impresora Brother HLL6415DW A4 Monocromática",https://sedvirtual.sedcolombia.com.co/stockimages/BROTHER-HLL6415DW-1.jpg,https://sedvirtual.sedcolombia.com.co/stockimages/BROTHER-HLL6415DW-2.jpg,https://sedvirtual.sedcolombia.com.co/stockimages/BROTHER-HLL6415DW-3.jpg,https://sedvirtual.sedcolombia.com.co/stockimages/BROTHER-HLL6415DW-4.jpg,0
HW-C400/ZL,Audio,,SAMSUNG,"Barra de Sonido Samsung HW-C400/ZL",https://sedvirtual.sedcolombia.com.co/stockimages/SAMSUNG-HW-C400/ZL-1.jpg,https://sedvirtual.sedcolombia.com.co/stockimages/SAMSUNG-HW-C400/ZL-2.jpg,https://sedvirtual.sedcolombia.com.co/stockimages/SAMSUNG-HW-C400/ZL-3.jpg,https://sedvirtual.sedcolombia.com.co/stockimages/SAMSUNG-HW-C400/ZL-4.jpg,0
INVADERXMT-BKCWW,Gaming,Chasis,XPG,"Chasis XPG Invader X Negro + 5 Ventiladores",https://sedvirtual.sedcolombia.com.co/stockimages/XPG-INVADERXMT-BKHCWW-1.jpg,https://sedvirtual.sedcolombia.com.co/stockimages/XPG-INVADERXMT-BKHCWW-2.jpg,https://sedvirtual.sedcolombia.com.co/stockimages/XPG-INVADERXMT-BKHCWW-3.jpg,https://sedvirtual.sedcolombia.com.co/stockimages/XPG-INVADERXMT-BKHCWW-4.jpg,0
INVADERXMT-WHCWW,Gaming,Chasis,XPG,"Chasis XPG Invader X Blanco + 5 Ventiladores",https://sedvirtual.sedcolombia.com.co/stockimages/XPG-INVADERXMT-WHCWW-1.jpg,https://sedvirtual.sedcolombia.com.co/stockimages/XPG-INVADERXMT-WHCWW-2.jpg,https://sedvirtual.sedcolombia.com.co/stockimages/XPG-INVADERXMT-WHCWW-3.jpg,https://sedvirtual.sedcolombia.com.co/stockimages/XPG-INVADERXMT-WHCWW-4.jpg,0
IPC-C22FN-C,Cámaras,Otro,IMOU,"Cámara IMOU Versa 1080P FULL HD 2MP Tipo Bala",https://sedvirtual.sedcolombia.com.co/stockimages/IMOU-IPC-C22FN-C-1.jpg,https://sedvirtual.sedcolombia.com.co/stockimages/IMOU-IPC-C22FN-C-2.jpg,https://sedvirtual.sedcolombia.com.co/stockimages/IMOU-IPC-C22FN-C-3.jpg,https://sedvirtual.sedcolombia.com.co/stockimages/IMOU-IPC-C22FN-C-4.jpg,0
IPC-GK2CN-5C0WR,Cámaras,Otro,IMOU,"Camara IMOU  Ranger RC 5MP",https://sedvirtual.sedcolombia.com.co/stockimages/IMOU-IPC-GK2CN-5C0WR-1.jpg,https://sedvirtual.sedcolombia.com.co/stockimages/IMOU-IPC-GK2CN-5C0WR-2.jpg,https://sedvirtual.sedcolombia.com.co/stockimages/IMOU-IPC-GK2CN-5C0WR-3.jpg,https://sedvirtual.sedcolombia.com.co/stockimages/IMOU-IPC-GK2CN-5C0WR-4.jpg,0
IPC-GS7EN-3M0WE,Cámaras,Otro,IMOU,"Cámara IMOU Cruiser2 3MP Wifi para exteriores",https://sedvirtual.sedcolombia.com.co/stockimages/IMOU-IPC-GS7EN-3M0WE-1.jpg,https://sedvirtual.sedcolombia.com.co/stockimages/IMOU-IPC-GS7EN-3M0WE-2.jpg,https://sedvirtual.sedcolombia.com.co/stockimages/IMOU-IPC-GS7EN-3M0WE-3.jpg,https://sedvirtual.sedcolombia.com.co/stockimages/IMOU-IPC-GS7EN-3M0WE-4.jpg,0
IPC-GS7EN-5M0WE,Cámaras,Otro,IMOU,"Cámara IMOU Cruiser2 5MP Wifi para exteriores",https://sedvirtual.sedcolombia.com.co/stockimages/IMOU-IPC-GS7EN-5M0WE-1.jpg,https://sedvirtual.sedcolombia.com.co/stockimages/IMOU-IPC-GS7EN-5M0WE-2.jpg,https://sedvirtual.sedcolombia.com.co/stockimages/IMOU-IPC-GS7EN-5M0WE-3.jpg,https://sedvirtual.sedcolombia.com.co/stockimages/IMOU-IPC-GS7EN-5M0WE-4.jpg,0
IPC-S41FEN,Cámaras,Otro,IMOU,"Cámara IMOU Cruiser SE + 4MP",https://sedvirtual.sedcolombia.com.co/stockimages/IMOU-IPC-S41FEN-0360B-1.jpg,https://sedvirtual.sedcolombia.com.co/stockimages/IMOU-IPC-S41FEN-0360B-2.jpg,https://sedvirtual.sedcolombia.com.co/stockimages/IMOU-IPC-S41FEN-0360B-3.jpg,https://sedvirtual.sedcolombia.com.co/stockimages/IMOU-IPC-S41FEN-0360B-4.jpg,0
IPC-S6DN-3M0WEB,Cámaras,Otro,IMOU,"Camara IMOU Bulb Cam 3MP",https://sedvirtual.sedcolombia.com.co/stockimages/IMOU-IPC-S6DN-3M0WEB-1.jpg,https://sedvirtual.sedcolombia.com.co/stockimages/IMOU-IPC-S6DN-3M0WEB-2.jpg,https://sedvirtual.sedcolombia.com.co/stockimages/IMOU-IPC-S6DN-3M0WEB-3.jpg,https://sedvirtual.sedcolombia.com.co/stockimages/IMOU-IPC-S6DN-3M0WEB-4.jpg,0
IPC-S6DN-5M0WEB,Cámaras,Otro,IMOU,"Camara IMOU Bulb Cam 5MP",https://sedvirtual.sedcolombia.com.co/stockimages/IMOU-IPC-S6DN-5M0WEB-1.jpg,https://sedvirtual.sedcolombia.com.co/stockimages/IMOU-IPC-S6DN-5M0WEB-2.jpg,https://sedvirtual.sedcolombia.com.co/stockimages/IMOU-IPC-S6DN-5M0WEB-3.jpg,https://sedvirtual.sedcolombia.com.co/stockimages/IMOU-IPC-S6DN-5M0WEB-4.jpg,0
IPC-S7XN-6M0WED,Cámaras,Otro,IMOU,"Camara IMOU Cruiser Dual 6MP",https://sedvirtual.sedcolombia.com.co/stockimages/IMOU-IPC-S7XN-6M0WED-1.jpg,https://sedvirtual.sedcolombia.com.co/stockimages/IMOU-IPC-S7XN-6M0WED-2.jpg,https://sedvirtual.sedcolombia.com.co/stockimages/IMOU-IPC-S7XN-6M0WED-3.jpg,https://sedvirtual.sedcolombia.com.co/stockimages/IMOU-IPC-S7XN-6M0WED-4.jpg,0
IPC-S7XN-8M0WED,Cámaras,Otro,IMOU,"Camara IMOU Cruiser Dual 8MP",https://sedvirtual.sedcolombia.com.co/stockimages/IMOU-IPC-S7XN-8M0WED-1.jpg,https://sedvirtual.sedcolombia.com.co/stockimages/IMOU-IPC-S7XN-8M0WED-2.jpg,https://sedvirtual.sedcolombia.com.co/stockimages/IMOU-IPC-S7XN-8M0WED-3.jpg,https://sedvirtual.sedcolombia.com.co/stockimages/IMOU-IPC-S7XN-8M0WED-4.jpg,0
J4859D,Conectividad,Accesorio,ARUBA,"Transceiver Aruba 1G SFP LC LX 10km SMF",https://sedvirtual.sedcolombia.com.co/stockimages/ARUBA-J4859D-1.jpg,https://sedvirtual.sedcolombia.com.co/stockimages/ARUBA-J4859D-2.jpg,https://sedvirtual.sedcolombia.com.co/stockimages/ARUBA-J4859D-3.jpg,https://sedvirtual.sedcolombia.com.co/stockimages/ARUBA-J4859D-4.jpg,0
JL658A,Conectividad,"Acces Point",ARUBA,"Switch Aruba 6300M 24SFP+ 4SFP56",https://sedvirtual.sedcolombia.com.co/stockimages/ARUBA-JL658A-1.jpg,https://sedvirtual.sedcolombia.com.co/stockimages/ARUBA-JL658A-2.jpg,https://sedvirtual.sedcolombia.com.co/stockimages/ARUBA-JL658A-3.jpg,https://sedvirtual.sedcolombia.com.co/stockimages/ARUBA-JL658A-4.jpg,0
JL678A,Conectividad,Switch,ARUBA,"Switch Aruba 6100 24G 4SFP+",https://sedvirtual.sedcolombia.com.co/stockimages/ARUBA-JL678A-1.jpg,https://sedvirtual.sedcolombia.com.co/stockimages/ARUBA-JL678A-2.jpg,https://sedvirtual.sedcolombia.com.co/stockimages/ARUBA-JL678A-3.jpg,https://sedvirtual.sedcolombia.com.co/stockimages/ARUBA-JL678A-4.jpg,0
JL682A,Conectividad,Switch,ARUBA,"Switch Aruba Instant On 1930 24G 4SFP+",https://sedvirtual.sedcolombia.com.co/stockimages/ARUBA-JL682A-1.jpg,https://sedvirtual.sedcolombia.com.co/stockimages/ARUBA-JL682A-2.jpg,https://sedvirtual.sedcolombia.com.co/stockimages/ARUBA-JL682A-3.jpg,https://sedvirtual.sedcolombia.com.co/stockimages/ARUBA-JL682A-4.jpg,0
JL685A,Conectividad,Switch,ARUBA,"Switch Aruba Instant On 1930 48G 4SFP+",https://sedvirtual.sedcolombia.com.co/stockimages/ARUBA-JL685A-1.jpg,https://sedvirtual.sedcolombia.com.co/stockimages/ARUBA-JL685A-2.jpg,https://sedvirtual.sedcolombia.com.co/stockimages/ARUBA-JL685A-3.jpg,https://sedvirtual.sedcolombia.com.co/stockimages/ARUBA-JL685A-4.jpg,0
JW124A,Conectividad,Accesorio,ARUBA,"Cable de poder PC-AC-NA AC Power Cord",https://sedvirtual.sedcolombia.com.co/stockimages/ARUBA-JW124A-1.jpg,https://sedvirtual.sedcolombia.com.co/stockimages/ARUBA-JW124A-2.jpg,https://sedvirtual.sedcolombia.com.co/stockimages/ARUBA-JW124A-3.jpg,https://sedvirtual.sedcolombia.com.co/stockimages/ARUBA-JW124A-4.jpg,0
KYBER750G-BKCUS,Gaming,"Fuente de Poder",XPG,"Fuente Poder XPG Kyber 750w Gold No Modular",https://sedvirtual.sedcolombia.com.co/stockimages/XPG-KYBER750G-BKCUS-1.jpg,https://sedvirtual.sedcolombia.com.co/stockimages/XPG-KYBER750G-BKCUS-2.jpg,https://sedvirtual.sedcolombia.com.co/stockimages/XPG-KYBER750G-BKCUS-3.jpg,https://sedvirtual.sedcolombia.com.co/stockimages/XPG-KYBER750G-BKCUS-4.jpg,0
KYBER850G-BKCUS,Gaming,"Fuente de Poder",XPG,"Fuente Poder XPG Kyber 850w Gold No Modular",https://sedvirtual.sedcolombia.com.co/stockimages/XPG-KYBER850G-BKCUS-1.jpg,https://sedvirtual.sedcolombia.com.co/stockimages/XPG-KYBER850G-BKCUS-2.jpg,https://sedvirtual.sedcolombia.com.co/stockimages/XPG-KYBER850G-BKCUS-3.jpg,https://sedvirtual.sedcolombia.com.co/stockimages/XPG-KYBER850G-BKCUS-4.jpg,0
LC27R500FHLXZL,"Televisores y Monitores",Monitores,SAMSUNG,"Monitor Curvo Samsung 27' LC27R500 Full HD",https://sedvirtual.sedcolombia.com.co/stockimages/SAMSUNG-LC27R500FHLXZL-1.jpg,https://sedvirtual.sedcolombia.com.co/stockimages/SAMSUNG-LC27R500FHLXZL-2.jpg,https://sedvirtual.sedcolombia.com.co/stockimages/SAMSUNG-LC27R500FHLXZL-3.jpg,https://sedvirtual.sedcolombia.com.co/stockimages/SAMSUNG-LC27R500FHLXZL-4.jpg,0
LS27CG512ENXZA,"Televisores y Monitores",Monitores,SAMSUNG,"Monitor Samsung Plano 27' Oddysey G5 2K QHD",https://sedvirtual.sedcolombia.com.co/stockimages/SAMSUNG-LS27CG512ENXZA-1.jpg,https://sedvirtual.sedcolombia.com.co/stockimages/SAMSUNG-LS27CG512ENXZA-2.jpg,https://sedvirtual.sedcolombia.com.co/stockimages/SAMSUNG-LS27CG512ENXZA-3.jpg,https://sedvirtual.sedcolombia.com.co/stockimages/SAMSUNG-LS27CG512ENXZA-4.jpg,0
LS27DG300ENXZA,"Televisores y Monitores",Monitores,SAMSUNG,"Monitor Samsung 27' Oddysey G3 1ms 180Hz Full HD",https://sedvirtual.sedcolombia.com.co/stockimages/SAMSUNG-LS27DG300ENXZA-1.jpg,https://sedvirtual.sedcolombia.com.co/stockimages/SAMSUNG-LS27DG300ENXZA-2.jpg,https://sedvirtual.sedcolombia.com.co/stockimages/SAMSUNG-LS27DG300ENXZA-3.jpg,https://sedvirtual.sedcolombia.com.co/stockimages/SAMSUNG-LS27DG300ENXZA-4.jpg,0
LS32D600UANXGO,"Televisores y Monitores",Monitores,SAMSUNG,"Monitor Samsung Plano 32' ViewFinity S6 2K QHD",https://sedvirtual.sedcolombia.com.co/stockimages/SAMSUNG-LS32D600UANXGO-1.jpg,https://sedvirtual.sedcolombia.com.co/stockimages/SAMSUNG-LS32D600UANXGO-2.jpg,https://sedvirtual.sedcolombia.com.co/stockimages/SAMSUNG-LS32D600UANXGO-3.jpg,https://sedvirtual.sedcolombia.com.co/stockimages/SAMSUNG-LS32D600UANXGO-4.jpg,0
LS32DM801UNXZA,"Televisores y Monitores",Monitores,SAMSUNG,"Monitor Samsung Plano 32' Smart M8 4K UHD",https://sedvirtual.sedcolombia.com.co/stockimages/SAMSUNG-LS32DM801UNXZA-1.jpg,https://sedvirtual.sedcolombia.com.co/stockimages/SAMSUNG-LS32DM801UNXZA-2.jpg,https://sedvirtual.sedcolombia.com.co/stockimages/SAMSUNG-LS32DM801UNXZA-3.jpg,https://sedvirtual.sedcolombia.com.co/stockimages/SAMSUNG-LS32DM801UNXZA-4.jpg,0
MFCL6915DW,Impresión,Multifuncional,BROTHER,"Impresora Brother MFCL6915DW F9 MFP A3",https://sedvirtual.sedcolombia.com.co/stockimages/BROTHER-MFCL6915DW-1.jpg,https://sedvirtual.sedcolombia.com.co/stockimages/BROTHER-MFCL6915DW-2.jpg,https://sedvirtual.sedcolombia.com.co/stockimages/BROTHER-MFCL6915DW-3.jpg,https://sedvirtual.sedcolombia.com.co/stockimages/BROTHER-MFCL6915DW-4.jpg,0
MFCT4500DW,Impresión,Multifuncional,BROTHER,"Impresora Brother MFCT4500DW MFP A3",https://sedvirtual.sedcolombia.com.co/stockimages/BROTHER-MFCT4500DW-1.jpg,https://sedvirtual.sedcolombia.com.co/stockimages/BROTHER-MFCT4500DW-2.jpg,https://sedvirtual.sedcolombia.com.co/stockimages/BROTHER-MFCT4500DW-3.jpg,https://sedvirtual.sedcolombia.com.co/stockimages/BROTHER-MFCT4500DW-4.jpg,0
NX.B0YAL.008,Computadores,Portátiles,ACER,"Portátil Acer TravelMate 14' Intel i7 1355U 16GB 512GB SSD Windows 11 Pro 1Y",https://sedvirtual.sedcolombia.com.co/stockimages/ACER-NX.B0YAL.008-1.jpg,https://sedvirtual.sedcolombia.com.co/stockimages/ACER-NX.B0YAL.008-2.jpg,https://sedvirtual.sedcolombia.com.co/stockimages/ACER-NX.B0YAL.008-3.jpg,https://sedvirtual.sedcolombia.com.co/stockimages/ACER-NX.B0YAL.008-4.jpg,0
NX.B7LAL.001,Computadores,Portátiles,ACER,"Portátil Acer Travelmate Ryzen 5- 7535U 16GB 512GB SSD Windows 11 Pro 1Y",https://sedvirtual.sedcolombia.com.co/stockimages/ACER-NX.B7LAL.001-1.jpg,https://sedvirtual.sedcolombia.com.co/stockimages/ACER-NX.B7LAL.001-2.jpg,https://sedvirtual.sedcolombia.com.co/stockimages/ACER-NX.B7LAL.001-3.jpg,https://sedvirtual.sedcolombia.com.co/stockimages/ACER-NX.B7LAL.001-4.jpg,0
NX.B7LAL.002,Computadores,Portátiles,ACER,"Portatil Acer Travelmate Ryzen 7-7735U 16GB 512GB SSD Windows 11 Pro 1Y",https://sedvirtual.sedcolombia.com.co/stockimages/ACER-NX.B7LAL.002-1.jpg,https://sedvirtual.sedcolombia.com.co/stockimages/ACER-NX.B7LAL.002-2.jpg,https://sedvirtual.sedcolombia.com.co/stockimages/ACER-NX.B7LAL.002-3.jpg,https://sedvirtual.sedcolombia.com.co/stockimages/ACER-NX.B7LAL.002-4.jpg,0
P06029-B21,Servidores,Memorias,HP,"Memoria HPE 16GB 1Rx4 PC4-3200AA-R Smart Kit",https://sedvirtual.sedcolombia.com.co/stockimages/HP-P06029-B21-1.jpg,https://sedvirtual.sedcolombia.com.co/stockimages/HP-P06029-B21-2.jpg,https://sedvirtual.sedcolombia.com.co/stockimages/HP-P06029-B21-3.jpg,https://sedvirtual.sedcolombia.com.co/stockimages/HP-P06029-B21-4.jpg,0
P06033-B21,Servidores,Memorias,HP,"Memoria HPE 32GB 2Rx4 PC4-3200AA-R Smart Kit",https://sedvirtual.sedcolombia.com.co/stockimages/HP-P06033-B21-1.jpg,https://sedvirtual.sedcolombia.com.co/stockimages/HP-P06033-B21-2.jpg,https://sedvirtual.sedcolombia.com.co/stockimages/HP-P06033-B21-3.jpg,https://sedvirtual.sedcolombia.com.co/stockimages/HP-P06033-B21-4.jpg,0
P2425H_WS,"Televisores y Monitores",Monitores,DELL,"Monitor Profesional Dell 24' FHD HDMI, DP VGA USB USB-C",https://sedvirtual.sedcolombia.com.co/stockimages/DELL-P2425H_WS-1.jpg,https://sedvirtual.sedcolombia.com.co/stockimages/DELL-P2425H_WS-2.jpg,https://sedvirtual.sedcolombia.com.co/stockimages/DELL-P2425H_WS-3.jpg,https://sedvirtual.sedcolombia.com.co/stockimages/DELL-P2425H_WS-4.jpg,0
P2725H_WS,"Televisores y Monitores",Monitores,DELL,"Monitor Profesional Dell 27' FHD HDMI DP VGA USB USB-C",https://sedvirtual.sedcolombia.com.co/stockimages/DELL-P2725H_WS-1.jpg,https://sedvirtual.sedcolombia.com.co/stockimages/DELL-P2725H_WS-2.jpg,https://sedvirtual.sedcolombia.com.co/stockimages/DELL-P2725H_WS-3.jpg,https://sedvirtual.sedcolombia.com.co/stockimages/DELL-P2725H_WS-4.jpg,0
P28500-B21,Servidores,Discos,HP,"Disco Duro HPE 2TB SATA 7.2K SFF BC 512e HDD",https://sedvirtual.sedcolombia.com.co/stockimages/HP-P28500-B21-1.jpg,https://sedvirtual.sedcolombia.com.co/stockimages/HP-P28500-B21-2.jpg,https://sedvirtual.sedcolombia.com.co/stockimages/HP-P28500-B21-3.jpg,https://sedvirtual.sedcolombia.com.co/stockimages/HP-P28500-B21-4.jpg,0
P34SFFT4SED,Computadores,PC's,DELL,"PC Ws Dell Precision 3460 Intel i7-14700 16GB 512GB SSD 4G Windows 11pro 3Y",https://sedvirtual.sedcolombia.com.co/stockimages/Computadores---DELL-P34SFFT4SED-1.jpg,https://sedvirtual.sedcolombia.com.co/stockimages/PC's---DELL-P34SFFT4SED-2.jpg,https://sedvirtual.sedcolombia.com.co/stockimages/Oficina---DELL-P34SFFT4SED-3.jpg,https://sedvirtual.sedcolombia.com.co/stockimages/Transaccional---DELL-P34SFFT4SED-4.jpg,0
P3591ULTRA7A10SED,Computadores,Workstation,DELL,"Portátil Dell Precision 3591 15' Intel Ultra 7 165H 16GB 1TB SSD 8G Win11 Pro 3Y",https://sedvirtual.sedcolombia.com.co/stockimages/DELL-P3591ULTRA7A10SED-1.jpg,https://sedvirtual.sedcolombia.com.co/stockimages/DELL-P3591ULTRA7A10SED-2.jpg,https://sedvirtual.sedcolombia.com.co/stockimages/DELL-P3591ULTRA7A10SED-3.jpg,https://sedvirtual.sedcolombia.com.co/stockimages/DELL-P3591ULTRA7A10SED-4.jpg,0
P3591ULTRA9X8SED,Computadores,Workstation,DELL,"Portátil Dell Precision 3591 15' Intel Ultra 9 185H 16GB 1TB SSD 8G Win11 Pro 3Y",https://sedvirtual.sedcolombia.com.co/stockimages/DELL-P3591ULTRA9X8SED-1.jpg,https://sedvirtual.sedcolombia.com.co/stockimages/DELL-P3591ULTRA9X8SED-2.jpg,https://sedvirtual.sedcolombia.com.co/stockimages/DELL-P3591ULTRA9X8SED-3.jpg,https://sedvirtual.sedcolombia.com.co/stockimages/DELL-P3591ULTRA9X8SED-4.jpg,0
P3680I9A200016GB,Computadores,Workstation,DELL,"PC Ws Dell 3680 Intel i9-14900 16GB 1TB SSD 16G Win 11 Pro 3Y",https://sedvirtual.sedcolombia.com.co/stockimages/DELL-P3680I9A200016GB-1.jpg,https://sedvirtual.sedcolombia.com.co/stockimages/DELL-P3680I9A200016GB-2.jpg,https://sedvirtual.sedcolombia.com.co/stockimages/DELL-P3680I9A200016GB-3.jpg,https://sedvirtual.sedcolombia.com.co/stockimages/DELL-P3680I9A200016GB-4.jpg,0
P40496-B21,Servidores,Discos,HP,"Disco Duro HPE 240GB SATA RI SFF BC MV SSD",https://sedvirtual.sedcolombia.com.co/stockimages/HP-P40496-B21-1.jpg,https://sedvirtual.sedcolombia.com.co/stockimages/HP-P40496-B21-2.jpg,https://sedvirtual.sedcolombia.com.co/stockimages/HP-P40496-B21-3.jpg,https://sedvirtual.sedcolombia.com.co/stockimages/HP-P40496-B21-4.jpg,0
P40502-B21,Servidores,Discos,HP,"Disco Duro HPE 480GB SATA MU SFF BC MV SSD",https://sedvirtual.sedcolombia.com.co/stockimages/HP-P40502-B21-1.jpg,https://sedvirtual.sedcolombia.com.co/stockimages/HP-P40502-B21-2.jpg,https://sedvirtual.sedcolombia.com.co/stockimages/HP-P40502-B21-3.jpg,https://sedvirtual.sedcolombia.com.co/stockimages/HP-P40502-B21-4.jpg,0
P40504-B21,Servidores,Discos,HP,"Disco Duro SSD HPE 1.92 TB SATA 6 G uso mixto SFF BC múltiples proveedores",https://sedvirtual.sedcolombia.com.co/stockimages/HP-P40504-B21-1.jpg,https://sedvirtual.sedcolombia.com.co/stockimages/HP-P40504-B21-2.jpg,https://sedvirtual.sedcolombia.com.co/stockimages/HP-P40504-B21-3.jpg,https://sedvirtual.sedcolombia.com.co/stockimages/HP-P40504-B21-4.jpg,0
P47808-B21,Servidores,Discos,HP,"Disco Duro HPE 960GB SATA RI LFF LPC MV SSD",https://sedvirtual.sedcolombia.com.co/stockimages/HP-P47808-B21-1.jpg,https://sedvirtual.sedcolombia.com.co/stockimages/HP-P47808-B21-2.jpg,https://sedvirtual.sedcolombia.com.co/stockimages/HP-P47808-B21-3.jpg,https://sedvirtual.sedcolombia.com.co/stockimages/HP-P47808-B21-4.jpg,0
P55534-001,Servidores,Torre,HP,"Servidor HPE ProLiant ML110 Gen11 3408U 1.8GHz 8-core 1P 16GB-R VROC 4LFF 4TB 500W RPS",https://sedvirtual.sedcolombia.com.co/stockimages/HP-P55534-001-1.jpg,https://sedvirtual.sedcolombia.com.co/stockimages/HP-P55534-001-2.jpg,https://sedvirtual.sedcolombia.com.co/stockimages/HP-P55534-001-3.jpg,https://sedvirtual.sedcolombia.com.co/stockimages/HP-P55534-001-4.jpg,0
P60734-B21,Servidores,Rack,HP,"Servidor HPE ProLiant DL360 Gen11 4416+ 2.0GHz 20-core 1P 32GB-R MR408i-o NC 8SFF 800W PS",https://sedvirtual.sedcolombia.com.co/stockimages/HP-P60734-B21-1.jpg,https://sedvirtual.sedcolombia.com.co/stockimages/HP-P60734-B21-2.jpg,https://sedvirtual.sedcolombia.com.co/stockimages/HP-P60734-B21-3.jpg,https://sedvirtual.sedcolombia.com.co/stockimages/HP-P60734-B21-4.jpg,0
PC100-14BK,Accesorios,"Power Bank",ADATA,"Power bank Adata C100 10,000mAh tipo C Negra",https://sedvirtual.sedcolombia.com.co/stockimages/ADATA-PC100-14BK-1.jpg,https://sedvirtual.sedcolombia.com.co/stockimages/ADATA-PC100-14BK-2.jpg,https://sedvirtual.sedcolombia.com.co/stockimages/ADATA-PC100-14BK-3.jpg,https://sedvirtual.sedcolombia.com.co/stockimages/ADATA-PC100-14BK-4.jpg,0
PC100-14WH,Accesorios,"Power Bank",ADATA,"Power bank Adata C100 10,000mAh tipo C Blanca",https://sedvirtual.sedcolombia.com.co/stockimages/ADATA-PC100-14WH-1.jpg,https://sedvirtual.sedcolombia.com.co/stockimages/ADATA-PC100-14WH-2.jpg,https://sedvirtual.sedcolombia.com.co/stockimages/ADATA-PC100-14WH-3.jpg,https://sedvirtual.sedcolombia.com.co/stockimages/ADATA-PC100-14WH-4.jpg,0
PR050-11BK,Accesorios,"Power Bank",ADATA,"Power Bank Adata R050 5,000mAh Magnética Inalámbrica",https://sedvirtual.sedcolombia.com.co/stockimages/ADATA-PR050-11BK-1.jpg,https://sedvirtual.sedcolombia.com.co/stockimages/ADATA-PR050-11BK-2.jpg,https://sedvirtual.sedcolombia.com.co/stockimages/ADATA-PR050-11BK-3.jpg,https://sedvirtual.sedcolombia.com.co/stockimages/ADATA-PR050-11BK-4.jpg,0
PR100-12BK,Accesorios,"Power Bank",ADATA,"Power Bank Adata R0100 10,000mAh Magnética Inalámbrica",https://sedvirtual.sedcolombia.com.co/stockimages/ADATA-PR100-12BK-1.jpg,https://sedvirtual.sedcolombia.com.co/stockimages/ADATA-PR100-12BK-2.jpg,https://sedvirtual.sedcolombia.com.co/stockimages/ADATA-PR100-12BK-3.jpg,https://sedvirtual.sedcolombia.com.co/stockimages/ADATA-PR100-12BK-4.jpg,0
QP-66304AFPE+,Accesorios,Cables,QPCOM,"Cable Qpcom Blindado U-FTP S-Foil, 305 Mts Ext.",https://sedvirtual.sedcolombia.com.co/stockimages/QPCOM-QP-66304AFPE+-1.jpg,https://sedvirtual.sedcolombia.com.co/stockimages/QPCOM-QP-66304AFPE+-2.jpg,https://sedvirtual.sedcolombia.com.co/stockimages/QPCOM-QP-66304AFPE+-3.jpg,https://sedvirtual.sedcolombia.com.co/stockimages/QPCOM-QP-66304AFPE+-4.jpg,0
QP-KJ77C6AS,Accesorios,Cables,QPCOM,"Patch Cord UTP Cat. 6, de 1,5 mts GRIS",https://sedvirtual.sedcolombia.com.co/stockimages/QPCOM-QP-KJ77C6AS-1.jpg,https://sedvirtual.sedcolombia.com.co/stockimages/QPCOM-QP-KJ77C6AS-2.jpg,https://sedvirtual.sedcolombia.com.co/stockimages/QPCOM-QP-KJ77C6AS-3.jpg,https://sedvirtual.sedcolombia.com.co/stockimages/QPCOM-QP-KJ77C6AS-4.jpg,0
QP-RJ45C6/100,Accesorios,,QPC,"Bolsa 100 Conectores RJ45 CAT6",https://sedvirtual.sedcolombia.com.co/stockimages/QPC-QP-RJ45C6/100-1.jpg,https://sedvirtual.sedcolombia.com.co/stockimages/QPC-QP-RJ45C6/100-2.jpg,https://sedvirtual.sedcolombia.com.co/stockimages/QPC-QP-RJ45C6/100-3.jpg,https://sedvirtual.sedcolombia.com.co/stockimages/QPC-QP-RJ45C6/100-4.jpg,0
R2C-AVR1008,"Potencia y Protección",Reguladores,CDP,"Regulador de Voltaje CDP R2C-AVR1008 1000VA/500W",https://sedvirtual.sedcolombia.com.co/stockimages/CDP-R2C-AVR1008-1.jpg,https://sedvirtual.sedcolombia.com.co/stockimages/CDP-R2C-AVR1008-2.jpg,https://sedvirtual.sedcolombia.com.co/stockimages/CDP-R2C-AVR1008-3.jpg,https://sedvirtual.sedcolombia.com.co/stockimages/CDP-R2C-AVR1008-4.jpg,0
R2CU-AVR1008,"Potencia y Protección",Reguladores,CDP,"Regulador de Voltaje CDP R2CU-AVR1008 1000VA/500W",https://sedvirtual.sedcolombia.com.co/stockimages/CDP-R2CU-AVR1008-1.jpg,https://sedvirtual.sedcolombia.com.co/stockimages/CDP-R2CU-AVR1008-2.jpg,https://sedvirtual.sedcolombia.com.co/stockimages/CDP-R2CU-AVR1008-3.jpg,https://sedvirtual.sedcolombia.com.co/stockimages/CDP-R2CU-AVR1008-4.jpg,0
R2H28A,Conectividad,"Acces Point",ARUBA,"Access Point Aruba 505 (RW)",https://sedvirtual.sedcolombia.com.co/stockimages/ARUBA-R2H28A-1.jpg,https://sedvirtual.sedcolombia.com.co/stockimages/ARUBA-R2H28A-2.jpg,https://sedvirtual.sedcolombia.com.co/stockimages/ARUBA-R2H28A-3.jpg,https://sedvirtual.sedcolombia.com.co/stockimages/ARUBA-R2H28A-4.jpg,0
R2X01A,Conectividad,"Acces Point",ARUBA,"Access Point Aruba Instant On 12 (RW)",https://sedvirtual.sedcolombia.com.co/stockimages/ARUBA-R2X01A-1.jpg,https://sedvirtual.sedcolombia.com.co/stockimages/ARUBA-R2X01A-2.jpg,https://sedvirtual.sedcolombia.com.co/stockimages/ARUBA-R2X01A-3.jpg,https://sedvirtual.sedcolombia.com.co/stockimages/ARUBA-R2X01A-4.jpg,0
R2X06A,Conectividad,"Acces Point",ARUBA,"Access Point Aruba Instant On 15 (RW)",https://sedvirtual.sedcolombia.com.co/stockimages/ARUBA-R2X06A-1.jpg,https://sedvirtual.sedcolombia.com.co/stockimages/ARUBA-R2X06A-2.jpg,https://sedvirtual.sedcolombia.com.co/stockimages/ARUBA-R2X06A-3.jpg,https://sedvirtual.sedcolombia.com.co/stockimages/ARUBA-R2X06A-4.jpg,0
R2X11A,Conectividad,"Acces Point",ARUBA,"Access Point Aruba Instant On 17 (RW)",https://sedvirtual.sedcolombia.com.co/stockimages/ARUBA-R2X11A-1.jpg,https://sedvirtual.sedcolombia.com.co/stockimages/ARUBA-R2X11A-2.jpg,https://sedvirtual.sedcolombia.com.co/stockimages/ARUBA-R2X11A-3.jpg,https://sedvirtual.sedcolombia.com.co/stockimages/ARUBA-R2X11A-4.jpg,0
R3J18A,Conectividad,Accesorio,ARUBA,"Kit de montaje Aruba AP-MNT-D Indoor",https://sedvirtual.sedcolombia.com.co/stockimages/ARUBA-R3J18A-1.jpg,https://sedvirtual.sedcolombia.com.co/stockimages/ARUBA-R3J18A-2.jpg,https://sedvirtual.sedcolombia.com.co/stockimages/ARUBA-R3J18A-3.jpg,https://sedvirtual.sedcolombia.com.co/stockimages/ARUBA-R3J18A-4.jpg,0
R9B28A,Conectividad,"Acces Point",ARUBA,"Access Point Aruba Instant On 25 (RW)",https://sedvirtual.sedcolombia.com.co/stockimages/ARUBA-R9B28A-1.jpg,https://sedvirtual.sedcolombia.com.co/stockimages/ARUBA-R9B28A-2.jpg,https://sedvirtual.sedcolombia.com.co/stockimages/ARUBA-R9B28A-3.jpg,https://sedvirtual.sedcolombia.com.co/stockimages/ARUBA-R9B28A-4.jpg,0
R-AVR2408,"Potencia y Protección",Reguladores,CDP,"Regulador de Voltaje CDP R-AVR2408 2400VA/1200W",https://sedvirtual.sedcolombia.com.co/stockimages/CDP-R-AVR2408-1.jpg,https://sedvirtual.sedcolombia.com.co/stockimages/CDP-R-AVR2408-2.jpg,https://sedvirtual.sedcolombia.com.co/stockimages/CDP-R-AVR2408-3.jpg,https://sedvirtual.sedcolombia.com.co/stockimages/CDP-R-AVR2408-4.jpg,0
RNC5.DCOLLLK,Audio,"Torre de Sonido",LG,"Torre de sonido LG RNC5.DCOLLLK",https://sedvirtual.sedcolombia.com.co/stockimages/LG-RNC5DCOLLLK-1.jpg,https://sedvirtual.sedcolombia.com.co/stockimages/LG-RNC5DCOLLLK-2.jpg,https://sedvirtual.sedcolombia.com.co/stockimages/LG-RNC5DCOLLLK-3.jpg,https://sedvirtual.sedcolombia.com.co/stockimages/LG-RNC5DCOLLLK-4.jpg,0
RNC7.DCOLLLK,Audio,"Torre de Sonido",LG,"Torre de sonido LG RNC7.DCOLLLK",https://sedvirtual.sedcolombia.com.co/stockimages/LG-RNC7DCOLLLK-1.jpg,https://sedvirtual.sedcolombia.com.co/stockimages/LG-RNC7DCOLLLK-2.jpg,https://sedvirtual.sedcolombia.com.co/stockimages/LG-RNC7DCOLLLK-3.jpg,https://sedvirtual.sedcolombia.com.co/stockimages/LG-RNC7DCOLLLK-4.jpg,0
R-UPR508,"Potencia y Protección",UPS´s,CDP,"UPS CDP R-UPR508 500VA/250W interactiva",https://sedvirtual.sedcolombia.com.co/stockimages/CDP-R-UPR508-1.jpg,https://sedvirtual.sedcolombia.com.co/stockimages/CDP-R-UPR508-2.jpg,https://sedvirtual.sedcolombia.com.co/stockimages/CDP-R-UPR508-3.jpg,https://sedvirtual.sedcolombia.com.co/stockimages/CDP-R-UPR508-4.jpg,0
R-UPR758,"Potencia y Protección",UPS´s,CDP,"UPS CDP R-UPR758 750VA/375W interactiva",https://sedvirtual.sedcolombia.com.co/stockimages/CDP-R-UPR758-1.jpg,https://sedvirtual.sedcolombia.com.co/stockimages/CDP-R-UPR758-2.jpg,https://sedvirtual.sedcolombia.com.co/stockimages/CDP-R-UPR758-3.jpg,https://sedvirtual.sedcolombia.com.co/stockimages/CDP-R-UPR758-4.jpg,0
SCP6570ESR,Impresión,"Impresora Gran Formato",EPSON,"Impresora Fotográfica Epson SC-P6570ESR 24'",https://sedvirtual.sedcolombia.com.co/stockimages/EPSON-SCP6570ESR-1.jpg,https://sedvirtual.sedcolombia.com.co/stockimages/EPSON-SCP6570ESR-2.jpg,https://sedvirtual.sedcolombia.com.co/stockimages/EPSON-SCP6570ESR-3.jpg,https://sedvirtual.sedcolombia.com.co/stockimages/EPSON-SCP6570ESR-4.jpg,0
SCT3170M,Impresión,"Impresora Gran Formato",EPSON,"Impresora técnica EPSON SC-T3170M con Escaner",https://sedvirtual.sedcolombia.com.co/stockimages/EPSON-SCT3170M-1.jpg,https://sedvirtual.sedcolombia.com.co/stockimages/EPSON-SCT3170M-2.jpg,https://sedvirtual.sedcolombia.com.co/stockimages/EPSON-SCT3170M-3.jpg,https://sedvirtual.sedcolombia.com.co/stockimages/EPSON-SCT3170M-4.jpg,0
SCT3170X,Impresión,"Impresora Gran Formato",EPSON,"Impresora técnica Epson SC-T3170X 24'",https://sedvirtual.sedcolombia.com.co/stockimages/EPSON-SCT3170X-1.jpg,https://sedvirtual.sedcolombia.com.co/stockimages/EPSON-SCT3170X-2.jpg,https://sedvirtual.sedcolombia.com.co/stockimages/EPSON-SCT3170X-3.jpg,https://sedvirtual.sedcolombia.com.co/stockimages/EPSON-SCT3170X-4.jpg,0
SCT3770ESR,Impresión,"Impresora Gran Formato",EPSON,"Impresora Técnica EPSON SC-T3770ESR",https://sedvirtual.sedcolombia.com.co/stockimages/EPSON-SCT3770ESR-1.jpg,https://sedvirtual.sedcolombia.com.co/stockimages/EPSON-SCT3770ESR-2.jpg,https://sedvirtual.sedcolombia.com.co/stockimages/EPSON-SCT3770ESR-3.jpg,https://sedvirtual.sedcolombia.com.co/stockimages/EPSON-SCT3770ESR-4.jpg,0
SD620-1TCBK,Almacenamiento,"Unidad de estado sólido Externa",ADATA,"Unidad SSD externo Adata SD620 1TB USB 3.2 Negro",https://sedvirtual.sedcolombia.com.co/stockimages/ADATA-SD620-1TCBK-1.jpg,https://sedvirtual.sedcolombia.com.co/stockimages/ADATA-SD620-1TCBK-2.jpg,https://sedvirtual.sedcolombia.com.co/stockimages/ADATA-SD620-1TCBK-3.jpg,https://sedvirtual.sedcolombia.com.co/stockimages/ADATA-SD620-1TCBK-4.jpg,0
SD620-2TCBK,Almacenamiento,"Unidad de estado sólido Externa",ADATA,"Unidad SSD externo Adata SD620 2TB USB 3.2 Negro",https://sedvirtual.sedcolombia.com.co/stockimages/ADATA-SD620-2TCBK-1.jpg,https://sedvirtual.sedcolombia.com.co/stockimages/ADATA-SD620-2TCBK-2.jpg,https://sedvirtual.sedcolombia.com.co/stockimages/ADATA-SD620-2TCBK-3.jpg,https://sedvirtual.sedcolombia.com.co/stockimages/ADATA-SD620-2TCBK-4.jpg,0
SD620-512GCBK,Almacenamiento,"Unidad de estado sólido Externa",ADATA,"Unidad SSD externo Adata SD620 512GB USB 3.2 Negro",https://sedvirtual.sedcolombia.com.co/stockimages/ADATA-SD620-512GCBK-1.jpg,https://sedvirtual.sedcolombia.com.co/stockimages/ADATA-SD620-512GCBK-2.jpg,https://sedvirtual.sedcolombia.com.co/stockimages/ADATA-SD620-512GCBK-3.jpg,https://sedvirtual.sedcolombia.com.co/stockimages/ADATA-SD620-512GCBK-4.jpg,0
SGAMMIXS55-512G-C,Almacenamiento,"Unidad de estado sólido SSD",ADATA,"Unidad SSD XPG GAMMIX S55 M.2 PCI NVME Gen 4x4 2230 512GB",https://sedvirtual.sedcolombia.com.co/stockimages/ADATA-SGAMMIXS55-512G-C-1.jpg,https://sedvirtual.sedcolombia.com.co/stockimages/ADATA-SGAMMIXS55-512G-C-2.jpg,https://sedvirtual.sedcolombia.com.co/stockimages/ADATA-SGAMMIXS55-512G-C-3.jpg,https://sedvirtual.sedcolombia.com.co/stockimages/ADATA-SGAMMIXS55-512G-C-4.jpg,0
SLD570SE,Impresión,Impresora,EPSON,"Impresora fotográfica Epson D570SE PRO MiniLab",https://sedvirtual.sedcolombia.com.co/stockimages/EPSON-SLD570SE-1.jpg,https://sedvirtual.sedcolombia.com.co/stockimages/EPSON-SLD570SE-2.jpg,https://sedvirtual.sedcolombia.com.co/stockimages/EPSON-SLD570SE-3.jpg,https://sedvirtual.sedcolombia.com.co/stockimages/EPSON-SLD570SE-4.jpg,0
SNH5.DCOLLLK,Audio,"Torre de Sonido",LGCE,"Barra de Sonido LG SNH5",https://sedvirtual.sedcolombia.com.co/stockimages/LGCE-SNH5DCOLLLK-1.jpg,https://sedvirtual.sedcolombia.com.co/stockimages/LGCE-SNH5DCOLLLK-2.jpg,https://sedvirtual.sedcolombia.com.co/stockimages/LGCE-SNH5DCOLLLK-3.jpg,https://sedvirtual.sedcolombia.com.co/stockimages/LGCE-SNH5DCOLLLK-4.jpg,0
SNMPTXWEBPRO,"Potencia y Protección",UPS´s,CDP,"Tarjeta de Monitoreo CDP para UPO11, UPO22 y UPO33",https://sedvirtual.sedcolombia.com.co/stockimages/CDP-SNMPTXWEBPRO-1.jpg,https://sedvirtual.sedcolombia.com.co/stockimages/CDP-SNMPTXWEBPRO-2.jpg,https://sedvirtual.sedcolombia.com.co/stockimages/CDP-SNMPTXWEBPRO-3.jpg,https://sedvirtual.sedcolombia.com.co/stockimages/CDP-SNMPTXWEBPRO-4.jpg,0
ST-43HF.AL,"Televisores y Monitores","Soportes de Monitores",LG,"Soporte Movil LG",https://sedvirtual.sedcolombia.com.co/stockimages/LG-ST-43HF.AL-1.jpg,https://sedvirtual.sedcolombia.com.co/stockimages/LG-ST-43HF.AL-2.jpg,https://sedvirtual.sedcolombia.com.co/stockimages/LG-ST-43HF.AL-3.jpg,https://sedvirtual.sedcolombia.com.co/stockimages/LG-ST-43HF.AL-4.jpg,0
STARKERAIR-BKCWW,Gaming,Chasis,XPG,"Chasis XPG Starker Air Negro",https://sedvirtual.sedcolombia.com.co/stockimages/XPG-STARKERAIR-BKCWW-1.jpg,https://sedvirtual.sedcolombia.com.co/stockimages/XPG-STARKERAIR-BKCWW-2.jpg,https://sedvirtual.sedcolombia.com.co/stockimages/XPG-STARKERAIR-BKCWW-3.jpg,https://sedvirtual.sedcolombia.com.co/stockimages/XPG-STARKERAIR-BKCWW-4.jpg,0
STARKERAIR-WHCWW,Gaming,Chasis,XPG,"Chasis XPG Starker Air Blanco",https://sedvirtual.sedcolombia.com.co/stockimages/XPG-STARKERAIR-WHCWW-1.jpg,https://sedvirtual.sedcolombia.com.co/stockimages/XPG-STARKERAIR-WHCWW-2.jpg,https://sedvirtual.sedcolombia.com.co/stockimages/XPG-STARKERAIR-WHCWW-3.jpg,https://sedvirtual.sedcolombia.com.co/stockimages/XPG-STARKERAIR-WHCWW-4.jpg,0
STARKER-WHCWW,Gaming,Chasis,XPG,"Chasis XPG Starker Blanco",https://sedvirtual.sedcolombia.com.co/stockimages/XPG-STARKER-WHCWW-1.jpg,https://sedvirtual.sedcolombia.com.co/stockimages/XPG-STARKER-WHCWW-2.jpg,https://sedvirtual.sedcolombia.com.co/stockimages/XPG-STARKER-WHCWW-3.jpg,https://sedvirtual.sedcolombia.com.co/stockimages/XPG-STARKER-WHCWW-4.jpg,0
T05A200,Impresión,"Suministros de impresión",EPSON,"Bolsa de tinta Epson cian para WF-C878R",https://sedvirtual.sedcolombia.com.co/stockimages/EPSON-T05A200-1.jpg,https://sedvirtual.sedcolombia.com.co/stockimages/EPSON-T05A200-2.jpg,https://sedvirtual.sedcolombia.com.co/stockimages/EPSON-T05A200-3.jpg,https://sedvirtual.sedcolombia.com.co/stockimages/EPSON-T05A200-4.jpg,0
T05A300,Impresión,"Suministros de impresión",EPSIMPCS,"Bolsa de tinta Epson magenta para WF-C878R",https://sedvirtual.sedcolombia.com.co/stockimages/EPSON-T05A300-1.jpg,https://sedvirtual.sedcolombia.com.co/stockimages/EPSON-T05A300-2.jpg,https://sedvirtual.sedcolombia.com.co/stockimages/EPSON-T05A300-3.jpg,https://sedvirtual.sedcolombia.com.co/stockimages/EPSON-T05A300-4.jpg,0
T05A400,Impresión,"Suministros de impresión",EPSON,"Bolsa de tinta Epson amarilla para WF-C878R",https://sedvirtual.sedcolombia.com.co/stockimages/EPSON-T05A400-1.jpg,https://sedvirtual.sedcolombia.com.co/stockimages/EPSON-T05A400-2.jpg,https://sedvirtual.sedcolombia.com.co/stockimages/EPSON-T05A400-3.jpg,https://sedvirtual.sedcolombia.com.co/stockimages/EPSON-T05A400-4.jpg,0
T360ANH1Y24v1,Servidores,Torre,DELL,"Servidor Torre Dell Intel Xeon E-2468 16GB 2TB HDD 3.5-8 HDD PERC H755 iDRAC9 Basic 1Y PS",https://sedvirtual.sedcolombia.com.co/stockimages/DELL-T360ANH1Y24v1-1.jpg,https://sedvirtual.sedcolombia.com.co/stockimages/DELL-T360ANH1Y24v1-2.jpg,https://sedvirtual.sedcolombia.com.co/stockimages/DELL-T360ANH1Y24v1-3.jpg,https://sedvirtual.sedcolombia.com.co/stockimages/DELL-T360ANH1Y24v1-4.jpg,0
T40W120,Impresión,"Suministros de impresión",EPSON,"Cartucho EPSON Negro 80ML",https://sedvirtual.sedcolombia.com.co/stockimages/EPSON-T40W120-1.jpg,https://sedvirtual.sedcolombia.com.co/stockimages/EPSON-T40W120-2.jpg,https://sedvirtual.sedcolombia.com.co/stockimages/EPSON-T40W120-3.jpg,https://sedvirtual.sedcolombia.com.co/stockimages/EPSON-T40W120-4.jpg,0
T40W320,Impresión,"Suministros de impresión",EPSON,"Cartucho EPSON MAGENTA 50ML",https://sedvirtual.sedcolombia.com.co/stockimages/EPSON-T40W320-1.jpg,https://sedvirtual.sedcolombia.com.co/stockimages/EPSON-T40W320-2.jpg,https://sedvirtual.sedcolombia.com.co/stockimages/EPSON-T40W320-3.jpg,https://sedvirtual.sedcolombia.com.co/stockimages/EPSON-T40W320-4.jpg,0
T44H120,Impresión,"Suministros de impresión",EPSLFPS,"Cartucho EPSON Negro foto CART 700ML",https://sedvirtual.sedcolombia.com.co/stockimages/EPSON-T44H120-1.jpg,https://sedvirtual.sedcolombia.com.co/stockimages/EPSON-T44H120-2.jpg,https://sedvirtual.sedcolombia.com.co/stockimages/EPSON-T44H120-3.jpg,https://sedvirtual.sedcolombia.com.co/stockimages/EPSON-T44H120-4.jpg,0
T44H220,Impresión,"Suministros de impresión",EPSON,"Cartucho EPSON CYAN 700ML",https://sedvirtual.sedcolombia.com.co/stockimages/EPSON-T44H220-1.jpg,https://sedvirtual.sedcolombia.com.co/stockimages/EPSON-T44H220-2.jpg,https://sedvirtual.sedcolombia.com.co/stockimages/EPSON-T44H220-3.jpg,https://sedvirtual.sedcolombia.com.co/stockimages/EPSON-T44H220-4.jpg,0
T44H320,Impresión,"Suministros de impresión",EPSON,"Cartucho EPSON Magenta vivido 700ML",https://sedvirtual.sedcolombia.com.co/stockimages/EPSON-T44H320-1.jpg,https://sedvirtual.sedcolombia.com.co/stockimages/EPSON-T44H320-2.jpg,https://sedvirtual.sedcolombia.com.co/stockimages/EPSON-T44H320-3.jpg,https://sedvirtual.sedcolombia.com.co/stockimages/EPSON-T44H320-4.jpg,0
T44H420,Impresión,"Suministros de impresión",EPSON,"Cartucho EPSON amarillo 700ML",https://sedvirtual.sedcolombia.com.co/stockimages/EPSON-T44H420-1.jpg,https://sedvirtual.sedcolombia.com.co/stockimages/EPSON-T44H420-2.jpg,https://sedvirtual.sedcolombia.com.co/stockimages/EPSON-T44H420-3.jpg,https://sedvirtual.sedcolombia.com.co/stockimages/EPSON-T44H420-4.jpg,0
T44H520,Impresión,"Suministros de impresión",EPSON,"Cartucho EPSON CYAN claro 700ML",https://sedvirtual.sedcolombia.com.co/stockimages/EPSON-T44H520-1.jpg,https://sedvirtual.sedcolombia.com.co/stockimages/EPSON-T44H520-2.jpg,https://sedvirtual.sedcolombia.com.co/stockimages/EPSON-T44H520-3.jpg,https://sedvirtual.sedcolombia.com.co/stockimages/EPSON-T44H520-4.jpg,0
T44H620,Impresión,"Suministros de impresión",EPSLFPS,"Cartucho EPSON V-LT-M INK CART 700ML",https://sedvirtual.sedcolombia.com.co/stockimages/EPSON-T44H620-1.jpg,https://sedvirtual.sedcolombia.com.co/stockimages/EPSON-T44H620-2.jpg,https://sedvirtual.sedcolombia.com.co/stockimages/EPSON-T44H620-3.jpg,https://sedvirtual.sedcolombia.com.co/stockimages/EPSON-T44H620-4.jpg,0
T44H720,Impresión,"Suministros de impresión",EPSLFPS,"Cartucho EPSON negro claro 700ML",https://sedvirtual.sedcolombia.com.co/stockimages/EPSON-T44H720-1.jpg,https://sedvirtual.sedcolombia.com.co/stockimages/EPSON-T44H720-2.jpg,https://sedvirtual.sedcolombia.com.co/stockimages/EPSON-T44H720-3.jpg,https://sedvirtual.sedcolombia.com.co/stockimages/EPSON-T44H720-4.jpg,0
T44H820,Impresión,"Suministros de impresión",EPSLFPS,"Cartucho EPSON negro mate 700ML",https://sedvirtual.sedcolombia.com.co/stockimages/EPSON-T44H820-1.jpg,https://sedvirtual.sedcolombia.com.co/stockimages/EPSON-T44H820-2.jpg,https://sedvirtual.sedcolombia.com.co/stockimages/EPSON-T44H820-3.jpg,https://sedvirtual.sedcolombia.com.co/stockimages/EPSON-T44H820-4.jpg,0
T44H920,Impresión,"Suministros de impresión",EPSLFPS,"Cartucho de tinta EPSON PRO12 Gris Claro 700ML",https://sedvirtual.sedcolombia.com.co/stockimages/EPSON-T44H920-1.jpg,https://sedvirtual.sedcolombia.com.co/stockimages/EPSON-T44H920-2.jpg,https://sedvirtual.sedcolombia.com.co/stockimages/EPSON-T44H920-3.jpg,https://sedvirtual.sedcolombia.com.co/stockimages/EPSON-T44H920-4.jpg,0
T48L320,Impresión,"Suministros de impresión",EPSLFPS,"Cartucho de tinta EPSON PRO6 Magenta 700ML",https://sedvirtual.sedcolombia.com.co/stockimages/EPSON-T48L320-1.jpg,https://sedvirtual.sedcolombia.com.co/stockimages/EPSON-T48L320-2.jpg,https://sedvirtual.sedcolombia.com.co/stockimages/EPSON-T48L320-3.jpg,https://sedvirtual.sedcolombia.com.co/stockimages/EPSON-T48L320-4.jpg,0
T49H100,Impresión,"Suministros de impresión",EPSON,"Botella EPSON T49H negro 140ML",https://sedvirtual.sedcolombia.com.co/stockimages/EPSON-T49H100-1.jpg,https://sedvirtual.sedcolombia.com.co/stockimages/EPSON-T49H100-2.jpg,https://sedvirtual.sedcolombia.com.co/stockimages/EPSON-T49H100-3.jpg,https://sedvirtual.sedcolombia.com.co/stockimages/EPSON-T49H100-4.jpg,0
T49H200,Impresión,"Suministros de impresión",EPSLFPS,"Botella EPSON T49H CYAN 140ML",https://sedvirtual.sedcolombia.com.co/stockimages/EPSON-T49H200-1.jpg,https://sedvirtual.sedcolombia.com.co/stockimages/EPSON-T49H200-2.jpg,https://sedvirtual.sedcolombia.com.co/stockimages/EPSON-T49H200-3.jpg,https://sedvirtual.sedcolombia.com.co/stockimages/EPSON-T49H200-4.jpg,0
T49H300,Impresión,"Suministros de impresión",EPSON,"Botella EPSON T49H magenta 140ML",https://sedvirtual.sedcolombia.com.co/stockimages/EPSON-T49H300-1.jpg,https://sedvirtual.sedcolombia.com.co/stockimages/EPSON-T49H300-2.jpg,https://sedvirtual.sedcolombia.com.co/stockimages/EPSON-T49H300-3.jpg,https://sedvirtual.sedcolombia.com.co/stockimages/EPSON-T49H300-4.jpg,0
T49H400,Impresión,"Suministros de impresión",EPSON,"Botella EPSON T49H amarillo 140ML",https://sedvirtual.sedcolombia.com.co/stockimages/EPSON-T49H400-1.jpg,https://sedvirtual.sedcolombia.com.co/stockimages/EPSON-T49H400-2.jpg,https://sedvirtual.sedcolombia.com.co/stockimages/EPSON-T49H400-3.jpg,https://sedvirtual.sedcolombia.com.co/stockimages/EPSON-T49H400-4.jpg,0
T49M120,Impresión,"Suministros de impresión",EPSON,"Botella EPSON negra 140 ML",https://sedvirtual.sedcolombia.com.co/stockimages/EPSON-T49M120-1.jpg,https://sedvirtual.sedcolombia.com.co/stockimages/EPSON-T49M120-2.jpg,https://sedvirtual.sedcolombia.com.co/stockimages/EPSON-T49M120-3.jpg,https://sedvirtual.sedcolombia.com.co/stockimages/EPSON-T49M120-4.jpg,0
T49M220,Impresión,"Suministros de impresión",EPSON,"Botella EPSON T49H CYAN 140 ML",https://sedvirtual.sedcolombia.com.co/stockimages/EPSON-T49M220-1.jpg,https://sedvirtual.sedcolombia.com.co/stockimages/EPSON-T49M220-2.jpg,https://sedvirtual.sedcolombia.com.co/stockimages/EPSON-T49M220-3.jpg,https://sedvirtual.sedcolombia.com.co/stockimages/EPSON-T49M220-4.jpg,0
T49M320,Impresión,"Suministros de impresión",EPSON,"Botella EPSON magenta 140 ML",https://sedvirtual.sedcolombia.com.co/stockimages/EPSON-T49M320-1.jpg,https://sedvirtual.sedcolombia.com.co/stockimages/EPSON-T49M320-2.jpg,https://sedvirtual.sedcolombia.com.co/stockimages/EPSON-T49M320-3.jpg,https://sedvirtual.sedcolombia.com.co/stockimages/EPSON-T49M320-4.jpg,0
T49M420,Impresión,"Suministros de impresión",EPSON,"Botella EPSON amarillo 140 ML",https://sedvirtual.sedcolombia.com.co/stockimages/EPSON-T49M420-1.jpg,https://sedvirtual.sedcolombia.com.co/stockimages/EPSON-T49M420-2.jpg,https://sedvirtual.sedcolombia.com.co/stockimages/EPSON-T49M420-3.jpg,https://sedvirtual.sedcolombia.com.co/stockimages/EPSON-T49M420-4.jpg,0
T55K100,Impresión,"Suministros de impresión",EPSON,"Cartucho EPSON Negro Foto 700ML",https://sedvirtual.sedcolombia.com.co/stockimages/EPSON-T55K100-1.jpg,https://sedvirtual.sedcolombia.com.co/stockimages/EPSON-T55K100-2.jpg,https://sedvirtual.sedcolombia.com.co/stockimages/EPSON-T55K100-3.jpg,https://sedvirtual.sedcolombia.com.co/stockimages/EPSON-T55K100-4.jpg,0
T55K200,Impresión,"Suministros de impresión",EPSON,"Cartucho EPSON CIAN 700ML",https://sedvirtual.sedcolombia.com.co/stockimages/EPSON-T55K200-1.jpg,https://sedvirtual.sedcolombia.com.co/stockimages/EPSON-T55K200-2.jpg,https://sedvirtual.sedcolombia.com.co/stockimages/EPSON-T55K200-3.jpg,https://sedvirtual.sedcolombia.com.co/stockimages/EPSON-T55K200-4.jpg,0
T55K400,Impresión,"Suministros de impresión",EPSON,"Cartucho EPSON amarillo 700ML",https://sedvirtual.sedcolombia.com.co/stockimages/EPSON-T55K400-1.jpg,https://sedvirtual.sedcolombia.com.co/stockimages/EPSON-T55K400-2.jpg,https://sedvirtual.sedcolombia.com.co/stockimages/EPSON-T55K400-3.jpg,https://sedvirtual.sedcolombia.com.co/stockimages/EPSON-T55K400-4.jpg,0
T55K800,Impresión,"Suministros de impresión",EPSON,"Cartucho EPSON Negro mate 700ML",https://sedvirtual.sedcolombia.com.co/stockimages/EPSON-T55K800-1.jpg,https://sedvirtual.sedcolombia.com.co/stockimages/EPSON-T55K800-2.jpg,https://sedvirtual.sedcolombia.com.co/stockimages/EPSON-T55K800-3.jpg,https://sedvirtual.sedcolombia.com.co/stockimages/EPSON-T55K800-4.jpg,0
T55KA00,Impresión,"Suministros de impresión",EPSLFPS,"Cartucho de tinta EPSON Naranja 700ML",https://sedvirtual.sedcolombia.com.co/stockimages/EPSON-T55KA00-1.jpg,https://sedvirtual.sedcolombia.com.co/stockimages/EPSON-T55KA00-2.jpg,https://sedvirtual.sedcolombia.com.co/stockimages/EPSON-T55KA00-3.jpg,https://sedvirtual.sedcolombia.com.co/stockimages/EPSON-T55KA00-4.jpg,0
T603100,Impresión,"Suministros de impresión",EPSON,"Cartucho Epson Stylus Pro Photo negro 7800/9800",https://sedvirtual.sedcolombia.com.co/stockimages/EPSON-T603100-1.jpg,https://sedvirtual.sedcolombia.com.co/stockimages/EPSON-T603100-2.jpg,https://sedvirtual.sedcolombia.com.co/stockimages/EPSON-T603100-3.jpg,https://sedvirtual.sedcolombia.com.co/stockimages/EPSON-T603100-4.jpg,0
T603200,Impresión,"Suministros de impresión",EPSON,"Cartucho Epson Stylus Pro Photo Cyan7800/9800",https://sedvirtual.sedcolombia.com.co/stockimages/EPSON-T603200-1.jpg,https://sedvirtual.sedcolombia.com.co/stockimages/EPSON-T603200-2.jpg,https://sedvirtual.sedcolombia.com.co/stockimages/EPSON-T603200-3.jpg,https://sedvirtual.sedcolombia.com.co/stockimages/EPSON-T603200-4.jpg,0
T603300,Impresión,"Suministros de impresión",EPSON,"Cartucho EPSON magenta vivido 220ML",https://sedvirtual.sedcolombia.com.co/stockimages/EPSON-T603300-1.jpg,https://sedvirtual.sedcolombia.com.co/stockimages/EPSON-T603300-2.jpg,https://sedvirtual.sedcolombia.com.co/stockimages/EPSON-T603300-3.jpg,https://sedvirtual.sedcolombia.com.co/stockimages/EPSON-T603300-4.jpg,0
T603900,Impresión,"Suministros de impresión",EPSLFPS,"Cartucho de tinta EPSON Negro Claro Claro 220ML",https://sedvirtual.sedcolombia.com.co/stockimages/EPSON-T603900-1.jpg,https://sedvirtual.sedcolombia.com.co/stockimages/EPSON-T603900-2.jpg,https://sedvirtual.sedcolombia.com.co/stockimages/EPSON-T603900-3.jpg,https://sedvirtual.sedcolombia.com.co/stockimages/EPSON-T603900-4.jpg,0
T619000,Impresión,"Accesorios de impresión",EPSON,"Caja de mantenimiento EPSON para P4900 P5000",https://sedvirtual.sedcolombia.com.co/stockimages/EPSON-T619000-1.jpg,https://sedvirtual.sedcolombia.com.co/stockimages/EPSON-T619000-2.jpg,https://sedvirtual.sedcolombia.com.co/stockimages/EPSON-T619000-3.jpg,https://sedvirtual.sedcolombia.com.co/stockimages/EPSON-T619000-4.jpg,0
T619300,Impresión,"Accesorios de impresión",EPSLFPS,"Caja de mantenimiento de tinta EPSON serie T",https://sedvirtual.sedcolombia.com.co/stockimages/EPSON-T619300-1.jpg,https://sedvirtual.sedcolombia.com.co/stockimages/EPSON-T619300-2.jpg,https://sedvirtual.sedcolombia.com.co/stockimages/EPSON-T619300-3.jpg,https://sedvirtual.sedcolombia.com.co/stockimages/EPSON-T619300-4.jpg,0
T636700,Impresión,"Suministros de impresión",EPSLFPS,"Cartucho EPSON Negro claro 700ML",https://sedvirtual.sedcolombia.com.co/stockimages/EPSON-T636700-1.jpg,https://sedvirtual.sedcolombia.com.co/stockimages/EPSON-T636700-2.jpg,https://sedvirtual.sedcolombia.com.co/stockimages/EPSON-T636700-3.jpg,https://sedvirtual.sedcolombia.com.co/stockimages/EPSON-T636700-4.jpg,0
T693100,Impresión,"Suministros de impresión",EPSON,"Cartucho EPSON Negro 350ML",https://sedvirtual.sedcolombia.com.co/stockimages/EPSON-T693100-1.jpg,https://sedvirtual.sedcolombia.com.co/stockimages/EPSON-T693100-2.jpg,https://sedvirtual.sedcolombia.com.co/stockimages/EPSON-T693100-3.jpg,https://sedvirtual.sedcolombia.com.co/stockimages/EPSON-T693100-4.jpg,0
T693200,Impresión,"Suministros de impresión",EPSON,"Cartucho EPSON CIAN 350ML",https://sedvirtual.sedcolombia.com.co/stockimages/EPSON-T693200-1.jpg,https://sedvirtual.sedcolombia.com.co/stockimages/EPSON-T693200-2.jpg,https://sedvirtual.sedcolombia.com.co/stockimages/EPSON-T693200-3.jpg,https://sedvirtual.sedcolombia.com.co/stockimages/EPSON-T693200-4.jpg,0
T694100,Impresión,"Suministros de impresión",EPSON,"Cartucho EPSON Negro Foto 700ML",https://sedvirtual.sedcolombia.com.co/stockimages/EPSON-T694100-1.jpg,https://sedvirtual.sedcolombia.com.co/stockimages/EPSON-T694100-2.jpg,https://sedvirtual.sedcolombia.com.co/stockimages/EPSON-T694100-3.jpg,https://sedvirtual.sedcolombia.com.co/stockimages/EPSON-T694100-4.jpg,0
T694200,Impresión,"Suministros de impresión",EPSLFPS,"Cartucho EPSON CIAN 700 ML",https://sedvirtual.sedcolombia.com.co/stockimages/EPSON-T694200-1.jpg,https://sedvirtual.sedcolombia.com.co/stockimages/EPSON-T694200-2.jpg,https://sedvirtual.sedcolombia.com.co/stockimages/EPSON-T694200-3.jpg,https://sedvirtual.sedcolombia.com.co/stockimages/EPSON-T694200-4.jpg,0
T694300,Impresión,"Suministros de impresión",EPSLFPS,"Cartucho EPSON Magenta 700 ML",https://sedvirtual.sedcolombia.com.co/stockimages/EPSON-T694300-1.jpg,https://sedvirtual.sedcolombia.com.co/stockimages/EPSON-T694300-2.jpg,https://sedvirtual.sedcolombia.com.co/stockimages/EPSON-T694300-3.jpg,https://sedvirtual.sedcolombia.com.co/stockimages/EPSON-T694300-4.jpg,0
T694400,Impresión,"Suministros de impresión",EPSLFPS,"Cartucho EPSON Amarillo 700 ML",https://sedvirtual.sedcolombia.com.co/stockimages/EPSON-T694400-1.jpg,https://sedvirtual.sedcolombia.com.co/stockimages/EPSON-T694400-2.jpg,https://sedvirtual.sedcolombia.com.co/stockimages/EPSON-T694400-3.jpg,https://sedvirtual.sedcolombia.com.co/stockimages/EPSON-T694400-4.jpg,0
T694500,Impresión,"Suministros de impresión",EPSLFPS,"Cartucho EPSON Negro Mate 700 ML",https://sedvirtual.sedcolombia.com.co/stockimages/EPSON-T694500-1.jpg,https://sedvirtual.sedcolombia.com.co/stockimages/EPSON-T694500-2.jpg,https://sedvirtual.sedcolombia.com.co/stockimages/EPSON-T694500-3.jpg,https://sedvirtual.sedcolombia.com.co/stockimages/EPSON-T694500-4.jpg,0
T748XXL320-AL,Impresión,"Suministros de impresión",EPSON,"Cartucho Epson de tinta Magenta WF-6090/6590",https://sedvirtual.sedcolombia.com.co/stockimages/EPSON-T748XXL320-AL-1.jpg,https://sedvirtual.sedcolombia.com.co/stockimages/EPSON-T748XXL320-AL-2.jpg,https://sedvirtual.sedcolombia.com.co/stockimages/EPSON-T748XXL320-AL-3.jpg,https://sedvirtual.sedcolombia.com.co/stockimages/EPSON-T748XXL320-AL-4.jpg,0
T748XXL420-AL,Impresión,"Suministros de impresión",EPSON,"Cartucho Epson de tinta Amarillo WF-6090/6590",https://sedvirtual.sedcolombia.com.co/stockimages/EPSON-T748XXL420-AL-1.jpg,https://sedvirtual.sedcolombia.com.co/stockimages/EPSON-T748XXL420-AL-2.jpg,https://sedvirtual.sedcolombia.com.co/stockimages/EPSON-T748XXL420-AL-3.jpg,https://sedvirtual.sedcolombia.com.co/stockimages/EPSON-T748XXL420-AL-4.jpg,0
T913200,Impresión,"Suministros de impresión",EPSON,"Cartucho EPSON CIAN 200ML",https://sedvirtual.sedcolombia.com.co/stockimages/EPSON-T913200-1.jpg,https://sedvirtual.sedcolombia.com.co/stockimages/EPSON-T913200-2.jpg,https://sedvirtual.sedcolombia.com.co/stockimages/EPSON-T913200-3.jpg,https://sedvirtual.sedcolombia.com.co/stockimages/EPSON-T913200-4.jpg,0
T913400,Impresión,"Suministros de impresión",EPSON,"Cartucho EPSON AMARILLO 200ML",https://sedvirtual.sedcolombia.com.co/stockimages/EPSON-T913400-1.jpg,https://sedvirtual.sedcolombia.com.co/stockimages/EPSON-T913400-2.jpg,https://sedvirtual.sedcolombia.com.co/stockimages/EPSON-T913400-3.jpg,https://sedvirtual.sedcolombia.com.co/stockimages/EPSON-T913400-4.jpg,0
T913600,Impresión,"Suministros de impresión",EPSON,"Cartucho EPSON MAGENTA CLARO 200ML",https://sedvirtual.sedcolombia.com.co/stockimages/EPSON-T913600-1.jpg,https://sedvirtual.sedcolombia.com.co/stockimages/EPSON-T913600-2.jpg,https://sedvirtual.sedcolombia.com.co/stockimages/EPSON-T913600-3.jpg,https://sedvirtual.sedcolombia.com.co/stockimages/EPSON-T913600-4.jpg,0
T913700,Impresión,"Suministros de impresión",EPSON,"Cartucho EPSON NEGRO CLARO 200ML",https://sedvirtual.sedcolombia.com.co/stockimages/EPSON-T913700-1.jpg,https://sedvirtual.sedcolombia.com.co/stockimages/EPSON-T913700-2.jpg,https://sedvirtual.sedcolombia.com.co/stockimages/EPSON-T913700-3.jpg,https://sedvirtual.sedcolombia.com.co/stockimages/EPSON-T913700-4.jpg,0
T941120-AL,Impresión,"Suministros de impresión",EPSON,"Bolsa de Tinta Epson Negra WF-C5790/5290",https://sedvirtual.sedcolombia.com.co/stockimages/EPSON-T941120-AL-1.jpg,https://sedvirtual.sedcolombia.com.co/stockimages/EPSON-T941120-AL-2.jpg,https://sedvirtual.sedcolombia.com.co/stockimages/EPSON-T941120-AL-3.jpg,https://sedvirtual.sedcolombia.com.co/stockimages/EPSON-T941120-AL-4.jpg,0
T942120-AL,Impresión,"Suministros de impresión",EPSON,"Bolsa de tinta Epson negra para WF-5790",https://sedvirtual.sedcolombia.com.co/stockimages/EPSON-T942120-AL-1.jpg,https://sedvirtual.sedcolombia.com.co/stockimages/EPSON-T942120-AL-2.jpg,https://sedvirtual.sedcolombia.com.co/stockimages/EPSON-T942120-AL-3.jpg,https://sedvirtual.sedcolombia.com.co/stockimages/EPSON-T942120-AL-4.jpg,0
T961120-AL,Impresión,"Suministros de impresión",EPSON,"Bolsa de Tinta Epson Negra alta Cap. WF-M5799/5299",https://sedvirtual.sedcolombia.com.co/stockimages/EPSON-T961120-AL-1.jpg,https://sedvirtual.sedcolombia.com.co/stockimages/EPSON-T961120-AL-2.jpg,https://sedvirtual.sedcolombia.com.co/stockimages/EPSON-T961120-AL-3.jpg,https://sedvirtual.sedcolombia.com.co/stockimages/EPSON-T961120-AL-4.jpg,0
T962120-AL,Impresión,"Suministros de impresión",EPSON,"Bolsa d Tinta Epson Negra Extra/alta WF-M5799/5299",https://sedvirtual.sedcolombia.com.co/stockimages/EPSON-T962120-AL-1.jpg,https://sedvirtual.sedcolombia.com.co/stockimages/EPSON-T962120-AL-2.jpg,https://sedvirtual.sedcolombia.com.co/stockimages/EPSON-T962120-AL-3.jpg,https://sedvirtual.sedcolombia.com.co/stockimages/EPSON-T962120-AL-4.jpg,0
TN830XL,Impresión,"Suministros de impresión",BROTHER,"Tóner Negro Brother rendimiento 3.000 Pág",https://sedvirtual.sedcolombia.com.co/stockimages/BROTHER-TN830XL-1.jpg,https://sedvirtual.sedcolombia.com.co/stockimages/BROTHER-TN830XL-2.jpg,https://sedvirtual.sedcolombia.com.co/stockimages/BROTHER-TN830XL-3.jpg,https://sedvirtual.sedcolombia.com.co/stockimages/BROTHER-TN830XL-4.jpg,0
UM.QB7AA.H01,"Televisores y Monitores",Monitores,ACER,"Monitor Acer 23.8' B247Y LCD Full HD",https://sedvirtual.sedcolombia.com.co/stockimages/ACER-UMQB7AAH01-1.jpg,https://sedvirtual.sedcolombia.com.co/stockimages/ACER-UMQB7AAH01-2.jpg,https://sedvirtual.sedcolombia.com.co/stockimages/ACER-UMQB7AAH01-3.jpg,https://sedvirtual.sedcolombia.com.co/stockimages/ACER-UMQB7AAH01-4.jpg,0
UM.WB7AA.H01,"Televisores y Monitores",Monitores,ACER,"Monitor Acer 21,5' B227Q FHD Base Ajustable 3-3-0",https://sedvirtual.sedcolombia.com.co/stockimages/ACER-UMWB7AAH01-1.jpg,https://sedvirtual.sedcolombia.com.co/stockimages/ACER-UMWB7AAH01-2.jpg,https://sedvirtual.sedcolombia.com.co/stockimages/ACER-UMWB7AAH01-3.jpg,https://sedvirtual.sedcolombia.com.co/stockimages/ACER-UMWB7AAH01-4.jpg,0
UN32T4300AKXZL,"Televisores y Monitores",Televisores,SAMSUNG,"Tv Samsung 32' T4300 LED HD Smart Tv",https://sedvirtual.sedcolombia.com.co/stockimages/SAMSUNG-UN32T4300AKXZL-1.jpg,https://sedvirtual.sedcolombia.com.co/stockimages/SAMSUNG-UN32T4300AKXZL-2.jpg,https://sedvirtual.sedcolombia.com.co/stockimages/SAMSUNG-UN32T4300AKXZL-3.jpg,https://sedvirtual.sedcolombia.com.co/stockimages/SAMSUNG-UN32T4300AKXZL-4.jpg,0
UN40T5290AKXZL,"Televisores y Monitores",Televisores,SAMSUNG,"Tv Samsung 40' T5290 LED Full HD Smart Tv",https://sedvirtual.sedcolombia.com.co/stockimages/SAMSUNG-UN40T5290AKXZL-1.jpg,https://sedvirtual.sedcolombia.com.co/stockimages/SAMSUNG-UN40T5290AKXZL-2.jpg,https://sedvirtual.sedcolombia.com.co/stockimages/SAMSUNG-UN40T5290AKXZL-3.jpg,https://sedvirtual.sedcolombia.com.co/stockimages/SAMSUNG-UN40T5290AKXZL-4.jpg,0
UN50DU8200KXZL,"Televisores y Monitores",Televisores,SAMSUNG,"Tv Samsung 50' DU8200 Crystal Ultra HD 4K Smart Tv",https://sedvirtual.sedcolombia.com.co/stockimages/SAMSUNG-UN50DU8200KXZL-1.jpg,https://sedvirtual.sedcolombia.com.co/stockimages/SAMSUNG-UN50DU8200KXZL-2.jpg,https://sedvirtual.sedcolombia.com.co/stockimages/SAMSUNG-UN50DU8200KXZL-3.jpg,https://sedvirtual.sedcolombia.com.co/stockimages/SAMSUNG-UN50DU8200KXZL-4.jpg,0
UPO11-1RT,"Potencia y Protección",UPS´s,CDP,"UPS CDP UPO11-1RT 1000VA/900W Online rack",https://sedvirtual.sedcolombia.com.co/stockimages/CDP-UPO11-1RT-1.jpg,https://sedvirtual.sedcolombia.com.co/stockimages/CDP-UPO11-1RT-2.jpg,https://sedvirtual.sedcolombia.com.co/stockimages/CDP-UPO11-1RT-3.jpg,https://sedvirtual.sedcolombia.com.co/stockimages/CDP-UPO11-1RT-4.jpg,0
UPO11-2,"Potencia y Protección",UPS´s,CDP,"UPS CDP UPO11-2 2000VA/1800W Online",https://sedvirtual.sedcolombia.com.co/stockimages/CDP-UPO11-2-1.jpg,https://sedvirtual.sedcolombia.com.co/stockimages/CDP-UPO11-2-2.jpg,https://sedvirtual.sedcolombia.com.co/stockimages/CDP-UPO11-2-3.jpg,https://sedvirtual.sedcolombia.com.co/stockimages/CDP-UPO11-2-4.jpg,0
UPO11-3,"Potencia y Protección",UPS´s,CDP,"UPS CDP UPO11-3 3000VA/2700W Online",https://sedvirtual.sedcolombia.com.co/stockimages/CDP-UPO11-3-1.jpg,https://sedvirtual.sedcolombia.com.co/stockimages/CDP-UPO11-3-2.jpg,https://sedvirtual.sedcolombia.com.co/stockimages/CDP-UPO11-3-3.jpg,https://sedvirtual.sedcolombia.com.co/stockimages/CDP-UPO11-3-4.jpg,0
UPO11-3AX,"Potencia y Protección",UPS´s,CDP,"UPS CDP UPO11-3AX 3000VA/300W Online",https://sedvirtual.sedcolombia.com.co/stockimages/CDP-UPO11-3AX-1.jpg,https://sedvirtual.sedcolombia.com.co/stockimages/CDP-UPO11-3AX-2.jpg,https://sedvirtual.sedcolombia.com.co/stockimages/CDP-UPO11-3AX-3.jpg,https://sedvirtual.sedcolombia.com.co/stockimages/CDP-UPO11-3AX-4.jpg,0
UPO22-6,"Potencia y Protección",UPS´s,CDP,"UPS CDP UPO22-6 6KVA/5.4KW PF 1.0, Online",https://sedvirtual.sedcolombia.com.co/stockimages/CDP-UPO22-6-1.jpg,https://sedvirtual.sedcolombia.com.co/stockimages/CDP-UPO22-6-2.jpg,https://sedvirtual.sedcolombia.com.co/stockimages/CDP-UPO22-6-3.jpg,https://sedvirtual.sedcolombia.com.co/stockimages/CDP-UPO22-6-4.jpg,0
V11H981020,Proyectores,Proyectores,EPSON," Proyector Epson Powerlite E20 3400 Lumens XGA",https://sedvirtual.sedcolombia.com.co/stockimages/EPSON-V11H981020-1.jpg,https://sedvirtual.sedcolombia.com.co/stockimages/EPSON-V11H981020-2.jpg,https://sedvirtual.sedcolombia.com.co/stockimages/EPSON-V11H981020-3.jpg,https://sedvirtual.sedcolombia.com.co/stockimages/EPSON-V11H981020-4.jpg,0
V11HA69020,Proyectores,Proyectores,EPSVPC,"Proyector Epson PowerLite L260F 4600 lumens WUXGA",https://sedvirtual.sedcolombia.com.co/stockimages/EPSON-V11HA69020-1.jpg,https://sedvirtual.sedcolombia.com.co/stockimages/EPSON-V11HA69020-2.jpg,https://sedvirtual.sedcolombia.com.co/stockimages/EPSON-V11HA69020-3.jpg,https://sedvirtual.sedcolombia.com.co/stockimages/EPSON-V11HA69020-4.jpg,0
V11HA75020,Proyectores,Proyectores,EPSVPC,"Proyector EPSON PowerLite L210SF 4000 Lumens WUXGA",https://sedvirtual.sedcolombia.com.co/stockimages/EPSON-V11HA75020-1.jpg,https://sedvirtual.sedcolombia.com.co/stockimages/EPSON-V11HA75020-2.jpg,https://sedvirtual.sedcolombia.com.co/stockimages/EPSON-V11HA75020-3.jpg,https://sedvirtual.sedcolombia.com.co/stockimages/EPSON-V11HA75020-4.jpg,0
V11HA85020,Proyectores,Proyectores,EPSON,"Proyector Epson Epiqvision FH02",https://sedvirtual.sedcolombia.com.co/stockimages/EPSON-V11HA85020-1.jpg,https://sedvirtual.sedcolombia.com.co/stockimages/EPSON-V11HA85020-2.jpg,https://sedvirtual.sedcolombia.com.co/stockimages/EPSON-V11HA85020-3.jpg,https://sedvirtual.sedcolombia.com.co/stockimages/EPSON-V11HA85020-4.jpg,0
V11HA86020,Proyectores,Proyectores,EPSON,"Proyector Epson Epiq Vision W01 3000 Lumens WXGA",https://sedvirtual.sedcolombia.com.co/stockimages/EPSON-V11HA86020-1.jpg,https://sedvirtual.sedcolombia.com.co/stockimages/EPSON-V11HA86020-2.jpg,https://sedvirtual.sedcolombia.com.co/stockimages/EPSON-V11HA86020-3.jpg,https://sedvirtual.sedcolombia.com.co/stockimages/EPSON-V11HA86020-4.jpg,0
VALORAIRMT-WHCWW,Gaming,Chasis,XPG,"Chasis XPG Valor Air  XPG Blanco",https://sedvirtual.sedcolombia.com.co/stockimages/XPG-VALORAIRMT-WHCWW-1.jpg,https://sedvirtual.sedcolombia.com.co/stockimages/XPG-VALORAIRMT-WHCWW-2.jpg,https://sedvirtual.sedcolombia.com.co/stockimages/XPG-VALORAIRMT-WHCWW-3.jpg,https://sedvirtual.sedcolombia.com.co/stockimages/XPG-VALORAIRMT-WHCWW-4.jpg,0
VALORMESHMT-BKCWW,Gaming,Chasis,XPG,"Chasis XPG Valor Mesh MT  Negro",https://sedvirtual.sedcolombia.com.co/stockimages/XPG-VALORMESHMT-BKCWW-1.jpg,https://sedvirtual.sedcolombia.com.co/stockimages/XPG-VALORMESHMT-BKCWW-2.jpg,https://sedvirtual.sedcolombia.com.co/stockimages/XPG-VALORMESHMT-BKCWW-3.jpg,https://sedvirtual.sedcolombia.com.co/stockimages/XPG-VALORMESHMT-BKCWW-4.jpg,0
VALORMESHMT-WHCWW,Gaming,Chasis,XPG,"Chasis XPG Valor Mesh MT  Blanco",https://sedvirtual.sedcolombia.com.co/stockimages/XPG-VALORMESHMT-WHCWW-1.jpg,https://sedvirtual.sedcolombia.com.co/stockimages/XPG-VALORMESHMT-WHCWW-2.jpg,https://sedvirtual.sedcolombia.com.co/stockimages/XPG-VALORMESHMT-WHCWW-3.jpg,https://sedvirtual.sedcolombia.com.co/stockimages/XPG-VALORMESHMT-WHCWW-4.jpg,0
VALORSTORMMT-BKCWW,Gaming,Chasis,XPG,"Chasis XPG Valor Storm Negro",https://sedvirtual.sedcolombia.com.co/stockimages/XPG-VALORSTORMMT-BKCWW-1.jpg,https://sedvirtual.sedcolombia.com.co/stockimages/XPG-VALORSTORMMT-BKCWW-2.jpg,https://sedvirtual.sedcolombia.com.co/stockimages/XPG-VALORSTORMMT-BKCWW-3.jpg,https://sedvirtual.sedcolombia.com.co/stockimages/XPG-VALORSTORMMT-BKCWW-4.jpg,0
VENTO120ARGB-BKCWW,Gaming,Ventilador,XPG,"Ventilador XPG Vento 120 ARGB Negro 120 mm",https://sedvirtual.sedcolombia.com.co/stockimages/XPG-VENTO120ARGB-BKCWW-1.jpg,https://sedvirtual.sedcolombia.com.co/stockimages/XPG-VENTO120ARGB-BKCWW-2.jpg,https://sedvirtual.sedcolombia.com.co/stockimages/XPG-VENTO120ARGB-BKCWW-3.jpg,https://sedvirtual.sedcolombia.com.co/stockimages/XPG-VENTO120ARGB-BKCWW-4.jpg,0
VENTO120ARGBPWM-WHCWW,Gaming,Ventilador,XPG,"Ventiladores XPG Vento  120 ARGB Blanco, 120 mm",https://sedvirtual.sedcolombia.com.co/stockimages/XPG-VENTO120ARGB-WHCWW-1.jpg,https://sedvirtual.sedcolombia.com.co/stockimages/XPG-VENTO120ARGB-WHCWW-2.jpg,https://sedvirtual.sedcolombia.com.co/stockimages/XPG-VENTO120ARGB-WHCWW-3.jpg,https://sedvirtual.sedcolombia.com.co/stockimages/XPG-VENTO120ARGB-WHCWW-4.jpg,0
VENTOR120ARGBPWM-BKCWW,Gaming,Ventilador,XPG,"Ventilador XPG VentoR 120 ARGB Negro 120 mm",https://sedvirtual.sedcolombia.com.co/stockimages/XPG-VENTOR120ARGBPWM-BKCWW-1.jpg,https://sedvirtual.sedcolombia.com.co/stockimages/XPG-VENTOR120ARGBPWM-BKCWW-2.jpg,https://sedvirtual.sedcolombia.com.co/stockimages/XPG-VENTOR120ARGBPWM-BKCWW-3.jpg,https://sedvirtual.sedcolombia.com.co/stockimages/XPG-VENTOR120ARGBPWM-BKCWW-4.jpg,0
VENTOR120ARGBPWM-WHCWW,Gaming,Ventilador,XPG,"Ventilador XPG VentoR 120 ARGB Blanco 120 mm",https://sedvirtual.sedcolombia.com.co/stockimages/XPG-VENTOR120ARGBPWM-WHCWW-1.jpg,https://sedvirtual.sedcolombia.com.co/stockimages/XPG-VENTOR120ARGBPWM-WHCWW-2.jpg,https://sedvirtual.sedcolombia.com.co/stockimages/XPG-VENTOR120ARGBPWM-WHCWW-3.jpg,https://sedvirtual.sedcolombia.com.co/stockimages/XPG-VENTOR120ARGBPWM-WHCWW-4.jpg,0
VTA-81879,Audio,Parlantes,VTA,"Parlante VTA 81879 Recargable 10W RMS Radio+BT",https://sedvirtual.sedcolombia.com.co/stockimages/VTA-VTA-81879-1.jpg,https://sedvirtual.sedcolombia.com.co/stockimages/VTA-VTA-81879-2.jpg,https://sedvirtual.sedcolombia.com.co/stockimages/VTA-VTA-81879-3.jpg,https://sedvirtual.sedcolombia.com.co/stockimages/VTA-VTA-81879-4.jpg,0
VTA-82467,Audio,Parlantes,VTA,"Parlante VTA 82467 Recargable Flama 20W Micr+BT",https://sedvirtual.sedcolombia.com.co/stockimages/VTA-VTA-82467-1.jpg,https://sedvirtual.sedcolombia.com.co/stockimages/VTA-VTA-82467-2.jpg,https://sedvirtual.sedcolombia.com.co/stockimages/VTA-VTA-82467-3.jpg,https://sedvirtual.sedcolombia.com.co/stockimages/VTA-VTA-82467-4.jpg,0
VTA-82626,Audio,Parlantes,VTA,"Parlante VTA 82626 Recargable Bluetooth 16W RMS",https://sedvirtual.sedcolombia.com.co/stockimages/VTA-VTA-82626-1.jpg,https://sedvirtual.sedcolombia.com.co/stockimages/VTA-VTA-82626-2.jpg,https://sedvirtual.sedcolombia.com.co/stockimages/VTA-VTA-82626-3.jpg,https://sedvirtual.sedcolombia.com.co/stockimages/VTA-VTA-82626-4.jpg,0
VTA-82858,Audio,Parlantes,VTA,"Parlante VTA 82858 Recargable Esferico 25W RMS",https://sedvirtual.sedcolombia.com.co/stockimages/VTA-VTA-82858-1.jpg,https://sedvirtual.sedcolombia.com.co/stockimages/VTA-VTA-82858-2.jpg,https://sedvirtual.sedcolombia.com.co/stockimages/VTA-VTA-82858-3.jpg,https://sedvirtual.sedcolombia.com.co/stockimages/VTA-VTA-82858-4.jpg,0
VTA-82862,Audio,Parlantes,VTA,"Parlante VTA 82862 Cilindrico 6W Recargable con BT",https://sedvirtual.sedcolombia.com.co/stockimages/VTA-VTA-82862-1.jpg,https://sedvirtual.sedcolombia.com.co/stockimages/VTA-VTA-82862-2.jpg,https://sedvirtual.sedcolombia.com.co/stockimages/VTA-VTA-82862-3.jpg,https://sedvirtual.sedcolombia.com.co/stockimages/VTA-VTA-82862-4.jpg,0
VTA-84301,Accesorios,"Cerradura Inteligente",VTA+,"Cerradura Inteligente VTA+ Tipo Pomo Smart Home",https://sedvirtual.sedcolombia.com.co/stockimages/VTA+-VTA-84301-1.jpg,https://sedvirtual.sedcolombia.com.co/stockimages/VTA+-VTA-84301-2.jpg,https://sedvirtual.sedcolombia.com.co/stockimages/VTA+-VTA-84301-3.jpg,https://sedvirtual.sedcolombia.com.co/stockimages/VTA+-VTA-84301-4.jpg,0
VTA-84317,Accesorios,"Cerradura Inteligente",VTA+,"Cerradura VTA+ Smart de Manija Xerus 3 Smart Home",https://sedvirtual.sedcolombia.com.co/stockimages/VTA+-VTA-84317-1.jpg,https://sedvirtual.sedcolombia.com.co/stockimages/VTA+-VTA-84317-2.jpg,https://sedvirtual.sedcolombia.com.co/stockimages/VTA+-VTA-84317-3.jpg,https://sedvirtual.sedcolombia.com.co/stockimages/VTA+-VTA-84317-4.jpg,0
VTA-84502,Accesorios,Interruptor,VTA+,"Interruptor VTA+ Touch Doble Link IoT Smart Home",https://sedvirtual.sedcolombia.com.co/stockimages/VTA+-VTA-84502-1.jpg,https://sedvirtual.sedcolombia.com.co/stockimages/VTA+-VTA-84502-2.jpg,https://sedvirtual.sedcolombia.com.co/stockimages/VTA+-VTA-84502-3.jpg,https://sedvirtual.sedcolombia.com.co/stockimages/VTA+-VTA-84502-4.jpg,0
VTA-84503,Accesorios,Interruptor,VTA+,"Interruptor VTA+ Touch Triple Link IoT Smart Home",https://sedvirtual.sedcolombia.com.co/stockimages/VTA+-VTA-84503-1.jpg,https://sedvirtual.sedcolombia.com.co/stockimages/VTA+-VTA-84503-2.jpg,https://sedvirtual.sedcolombia.com.co/stockimages/VTA+-VTA-84503-3.jpg,https://sedvirtual.sedcolombia.com.co/stockimages/VTA+-VTA-84503-4.jpg,0
VTA-84593,Cámaras,Otro,VTA+,"Cámara Inteligente VTA+ NUCLEUS 2K Tipo Domo Fija",https://sedvirtual.sedcolombia.com.co/stockimages/VTA+-VTA-84593-1.jpg,https://sedvirtual.sedcolombia.com.co/stockimages/VTA+-VTA-84593-2.jpg,https://sedvirtual.sedcolombia.com.co/stockimages/VTA+-VTA-84593-3.jpg,https://sedvirtual.sedcolombia.com.co/stockimages/VTA+-VTA-84593-4.jpg,0
VTA-84624,Accesorios,Tomacorriente,VTA+,"Tomacorriente VTA+ Sencillo Dot Smart",https://sedvirtual.sedcolombia.com.co/stockimages/VTA+-VTA-84624-1.jpg,https://sedvirtual.sedcolombia.com.co/stockimages/VTA+-VTA-84624-2.jpg,https://sedvirtual.sedcolombia.com.co/stockimages/VTA+-VTA-84624-3.jpg,https://sedvirtual.sedcolombia.com.co/stockimages/VTA+-VTA-84624-4.jpg,0
VTA-84654,Accesorios,"Sensor de Apertura",VTA+,"Sensor de Apertura VTA+ con Alarma Ding Smart Home",https://sedvirtual.sedcolombia.com.co/stockimages/VTA+-VTA-84654-1.jpg,https://sedvirtual.sedcolombia.com.co/stockimages/VTA+-VTA-84654-2.jpg,https://sedvirtual.sedcolombia.com.co/stockimages/VTA+-VTA-84654-3.jpg,https://sedvirtual.sedcolombia.com.co/stockimages/VTA+-VTA-84654-4.jpg,0
VTA-84664,Accesorios,"Control Universal",VTA+,"Control universal Smart VTA+ Dam IR+RF Smart Home",https://sedvirtual.sedcolombia.com.co/stockimages/VTA+-VTA-84664-1.jpg,https://sedvirtual.sedcolombia.com.co/stockimages/VTA+-VTA-84664-2.jpg,https://sedvirtual.sedcolombia.com.co/stockimages/VTA+-VTA-84664-3.jpg,https://sedvirtual.sedcolombia.com.co/stockimages/VTA+-VTA-84664-4.jpg,0
VTA-84690,Accesorios,"Bombillos Led",VTA+,"Bombillo Led VTA+ Alva E27 RGB Smart Home",https://sedvirtual.sedcolombia.com.co/stockimages/VTA+-VTA-84690-1.jpg,https://sedvirtual.sedcolombia.com.co/stockimages/VTA+-VTA-84690-2.jpg,https://sedvirtual.sedcolombia.com.co/stockimages/VTA+-VTA-84690-3.jpg,https://sedvirtual.sedcolombia.com.co/stockimages/VTA+-VTA-84690-4.jpg,0
VTA-84695,Accesorios,"Bombillos Led",VTA+,"Kit X 2 Bombillos Led VTA+ E27 RGB Smart Home",https://sedvirtual.sedcolombia.com.co/stockimages/VTA+-VTA-84695-1.jpg,https://sedvirtual.sedcolombia.com.co/stockimages/VTA+-VTA-84695-2.jpg,https://sedvirtual.sedcolombia.com.co/stockimages/VTA+-VTA-84695-3.jpg,https://sedvirtual.sedcolombia.com.co/stockimages/VTA+-VTA-84695-4.jpg,0
VTA-84722,Cámaras,Otro,VTA+,"Cámara WiFi VTA+ VALANCE FHD Doble Para Exterior",https://sedvirtual.sedcolombia.com.co/stockimages/VTA+-VTA-84722-1.jpg,https://sedvirtual.sedcolombia.com.co/stockimages/VTA+-VTA-84722-2.jpg,https://sedvirtual.sedcolombia.com.co/stockimages/VTA+-VTA-84722-3.jpg,https://sedvirtual.sedcolombia.com.co/stockimages/VTA+-VTA-84722-4.jpg,0
VTA-84723,Cámaras,Otro,VTA+,"Cámara de Seguridad VTA+ GRAVITY 2K Interior",https://sedvirtual.sedcolombia.com.co/stockimages/VTA+-VTA-84723-1.jpg,https://sedvirtual.sedcolombia.com.co/stockimages/VTA+-VTA-84723-2.jpg,https://sedvirtual.sedcolombia.com.co/stockimages/VTA+-VTA-84723-3.jpg,https://sedvirtual.sedcolombia.com.co/stockimages/VTA+-VTA-84723-4.jpg,0
VTA-84724,Cámaras,Otro,VTA+,"Cámara WiFi VTA+ RATIO 2 Doble Para Exterior 2K",https://sedvirtual.sedcolombia.com.co/stockimages/VTA+-VTA-84724-1.jpg,https://sedvirtual.sedcolombia.com.co/stockimages/VTA+-VTA-84724-2.jpg,https://sedvirtual.sedcolombia.com.co/stockimages/VTA+-VTA-84724-3.jpg,https://sedvirtual.sedcolombia.com.co/stockimages/VTA+-VTA-84724-4.jpg,0
VTA-84730,Cámaras,Otro,VTA+,"Kit de Seguridad VTA+ Cámara + 2 Sensores",https://sedvirtual.sedcolombia.com.co/stockimages/VTA+-VTA-84730-1.jpg,https://sedvirtual.sedcolombia.com.co/stockimages/VTA+-VTA-84730-2.jpg,https://sedvirtual.sedcolombia.com.co/stockimages/VTA+-VTA-84730-3.jpg,https://sedvirtual.sedcolombia.com.co/stockimages/VTA+-VTA-84730-4.jpg,0
VTA-84739,Cámaras,Otro,VTA+,"Cámara Inteligente VTA+ NEUTRON 2K Con Movimiento",https://sedvirtual.sedcolombia.com.co/stockimages/VTA+-VTA-84739-1.jpg,https://sedvirtual.sedcolombia.com.co/stockimages/VTA+-VTA-84739-2.jpg,https://sedvirtual.sedcolombia.com.co/stockimages/VTA+-VTA-84739-3.jpg,https://sedvirtual.sedcolombia.com.co/stockimages/VTA+-VTA-84739-4.jpg,0
VTA-84740,Cámaras,Otro,VTA+,"Cámara de Seguridad VTA+ STELA 2 2K Con Movimiento",https://sedvirtual.sedcolombia.com.co/stockimages/VTA+-VTA-84740-1.jpg,https://sedvirtual.sedcolombia.com.co/stockimages/VTA+-VTA-84740-2.jpg,https://sedvirtual.sedcolombia.com.co/stockimages/VTA+-VTA-84740-3.jpg,https://sedvirtual.sedcolombia.com.co/stockimages/VTA+-VTA-84740-4.jpg,0
VTA-84746,Accesorios,"Motor de Cortinas",VTA+,"Motor de Cortinas Inteligente VTA+ Smart Home",https://sedvirtual.sedcolombia.com.co/stockimages/VTA+-VTA-84746-1.jpg,https://sedvirtual.sedcolombia.com.co/stockimages/VTA+-VTA-84746-2.jpg,https://sedvirtual.sedcolombia.com.co/stockimages/VTA+-VTA-84746-3.jpg,https://sedvirtual.sedcolombia.com.co/stockimages/VTA+-VTA-84746-4.jpg,0
VTA-84766,Accesorios,Multitoma,VTA+,"Multitoma Smart VTA+ 7 en 1 Rictus Smart Home",https://sedvirtual.sedcolombia.com.co/stockimages/VTA+-VTA-84766-1.jpg,https://sedvirtual.sedcolombia.com.co/stockimages/VTA+-VTA-84766-2.jpg,https://sedvirtual.sedcolombia.com.co/stockimages/VTA+-VTA-84766-3.jpg,https://sedvirtual.sedcolombia.com.co/stockimages/VTA+-VTA-84766-4.jpg,0
VTA-84826,Cámaras,Otro,VTA+,"Cámara Fija VTA+ TRACCIA 2 Smart Interior",https://sedvirtual.sedcolombia.com.co/stockimages/VTA+-VTA-84826-1.jpg,https://sedvirtual.sedcolombia.com.co/stockimages/VTA+-VTA-84826-2.jpg,https://sedvirtual.sedcolombia.com.co/stockimages/VTA+-VTA-84826-3.jpg,https://sedvirtual.sedcolombia.com.co/stockimages/VTA+-VTA-84826-4.jpg,0
VTA-84827,Cámaras,Otro,VTA+,"Cámara de Seguridad VTA+ ORBIT 2 FHD Interior",https://sedvirtual.sedcolombia.com.co/stockimages/VTA+-VTA-84827-1.jpg,https://sedvirtual.sedcolombia.com.co/stockimages/VTA+-VTA-84827-2.jpg,https://sedvirtual.sedcolombia.com.co/stockimages/VTA+-VTA-84827-3.jpg,https://sedvirtual.sedcolombia.com.co/stockimages/VTA+-VTA-84827-4.jpg,0
VTA-84830,Cámaras,Otro,VTA+,"Cámara WiFi VTA+ AXON Antivandálica Tipo Domo",https://sedvirtual.sedcolombia.com.co/stockimages/VTA+-VTA-84830-1.jpg,https://sedvirtual.sedcolombia.com.co/stockimages/VTA+-VTA-84830-2.jpg,https://sedvirtual.sedcolombia.com.co/stockimages/VTA+-VTA-84830-3.jpg,https://sedvirtual.sedcolombia.com.co/stockimages/VTA+-VTA-84830-4.jpg,0
VTA-84831,Cámaras,Otro,VTA+,"Cámara Exterior VTA+ SQUARE WIFI Con Rotación",https://sedvirtual.sedcolombia.com.co/stockimages/VTA+-VTA-84831-1.jpg,https://sedvirtual.sedcolombia.com.co/stockimages/VTA+-VTA-84831-2.jpg,https://sedvirtual.sedcolombia.com.co/stockimages/VTA+-VTA-84831-3.jpg,https://sedvirtual.sedcolombia.com.co/stockimages/VTA+-VTA-84831-4.jpg,0
VTA-84870,Accesorios,Dispensador,VTA+,"Dispensador de comida para mascotas VTA+ Lite",https://sedvirtual.sedcolombia.com.co/stockimages/VTA+-VTA-84870-1.jpg,https://sedvirtual.sedcolombia.com.co/stockimages/VTA+-VTA-84870-2.jpg,https://sedvirtual.sedcolombia.com.co/stockimages/VTA+-VTA-84870-3.jpg,https://sedvirtual.sedcolombia.com.co/stockimages/VTA+-VTA-84870-4.jpg,0
VTA-84871,Accesorios,Dispensador,VTA+,"Dispensador de comida para mascotas VTA+ Lite 2",https://sedvirtual.sedcolombia.com.co/stockimages/VTA+-VTA-84871-1.jpg,https://sedvirtual.sedcolombia.com.co/stockimages/VTA+-VTA-84871-2.jpg,https://sedvirtual.sedcolombia.com.co/stockimages/VTA+-VTA-84871-3.jpg,https://sedvirtual.sedcolombia.com.co/stockimages/VTA+-VTA-84871-4.jpg,0
VTA-84882,Accesorios,"Cinta de Luces Led",VTA+,"Cinta de Luces Led VTA+ Denom RGB 5 Mt Smart Home",https://sedvirtual.sedcolombia.com.co/stockimages/VTA+-VTA-84882-1.jpg,https://sedvirtual.sedcolombia.com.co/stockimages/VTA+-VTA-84882-2.jpg,https://sedvirtual.sedcolombia.com.co/stockimages/VTA+-VTA-84882-3.jpg,https://sedvirtual.sedcolombia.com.co/stockimages/VTA+-VTA-84882-4.jpg,0
VTA-84888,Accesorios,"Panel Led",VTA+,"Panel LED Inteligente VTA+ Smart Home NED 6,5” 12W",https://sedvirtual.sedcolombia.com.co/stockimages/VTA+-VTA-84888-1.jpg,https://sedvirtual.sedcolombia.com.co/stockimages/VTA+-VTA-84888-2.jpg,https://sedvirtual.sedcolombia.com.co/stockimages/VTA+-VTA-84888-3.jpg,https://sedvirtual.sedcolombia.com.co/stockimages/VTA+-VTA-84888-4.jpg,0
VTA-84889,Accesorios,"Panel Led",VTA+,"Panel LED Inteligente VTA+ Smart Home NED 8,5” 12W",https://sedvirtual.sedcolombia.com.co/stockimages/VTA+-VTA-84889-1.jpg,https://sedvirtual.sedcolombia.com.co/stockimages/VTA+-VTA-84889-2.jpg,https://sedvirtual.sedcolombia.com.co/stockimages/VTA+-VTA-84889-3.jpg,https://sedvirtual.sedcolombia.com.co/stockimages/VTA+-VTA-84889-4.jpg,0
1PV64A#BGJ,Impresión,Multifuncional,HP,"Impresora multifunción HP LaserJet M528dn",https://sedvirtual.sedcolombia.com.co/stockimages/HP-1PV64ABGJ-1.jpg,https://sedvirtual.sedcolombia.com.co/stockimages/HP-1PV64ABGJ-2.jpg,https://sedvirtual.sedcolombia.com.co/stockimages/HP-1PV64ABGJ-3.jpg,https://sedvirtual.sedcolombia.com.co/stockimages/HP-1PV64ABGJ-4.jpg,0
210-AZBM,Accesorios,"Docking Station",DELL,"Docking Station Dell WD19S 180W Negro",https://sedvirtual.sedcolombia.com.co/stockimages/DELL-210-AZBM-1.jpg,https://sedvirtual.sedcolombia.com.co/stockimages/DELL-210-AZBM-2.jpg,https://sedvirtual.sedcolombia.com.co/stockimages/DELL-210-AZBM-3.jpg,https://sedvirtual.sedcolombia.com.co/stockimages/DELL-210-AZBM-4.jpg,0
21FS000VLM,Computadores,Portátiles,LENOVO,"Portátil Lenovo Thinkpad L13 YOGA 13' Ryzen 7 PRO 7730U 16GB 512GB SSD W11Pro 3Y",https://sedvirtual.sedcolombia.com.co/stockimages/LENOVO-21FS000VLM-1.jpg,https://sedvirtual.sedcolombia.com.co/stockimages/LENOVO-21FS000VLM-2.jpg,https://sedvirtual.sedcolombia.com.co/stockimages/LENOVO-21FS000VLM-3.jpg,https://sedvirtual.sedcolombia.com.co/stockimages/LENOVO-21FS000VLM-4.jpg,0
345-BDWN,Servidores,Discos,DELL,"Disco Dell 960GB SSD SATA READ INTENSIVE ISE 6Gbps 512e 3.5in Bracket Cabled s4520",https://sedvirtual.sedcolombia.com.co/stockimages/DELL-345-BDWN-1.jpg,https://sedvirtual.sedcolombia.com.co/stockimages/DELL-345-BDWN-2.jpg,https://sedvirtual.sedcolombia.com.co/stockimages/DELL-345-BDWN-3.jpg,https://sedvirtual.sedcolombia.com.co/stockimages/DELL-345-BDWN-4.jpg,0
39YVT,Computadores,PC's,DELL,"PC MFF Optiplex 7020 Intel I7-14700T 16GB 512GB SSD Windows 11 Pro 3Y",https://sedvirtual.sedcolombia.com.co/stockimages/DELL-39YVT-1.jpg,https://sedvirtual.sedcolombia.com.co/stockimages/DELL-39YVT-2.jpg,https://sedvirtual.sedcolombia.com.co/stockimages/DELL-39YVT-3.jpg,https://sedvirtual.sedcolombia.com.co/stockimages/DELL-39YVT-4.jpg,0
460-BDSW,Accesorios,Morrales,DELL,"Maletin Dell Negro EcoLoop",https://sedvirtual.sedcolombia.com.co/stockimages/DELL-460-BDSW-1.jpg,https://sedvirtual.sedcolombia.com.co/stockimages/DELL-460-BDSW-2.jpg,https://sedvirtual.sedcolombia.com.co/stockimages/DELL-460-BDSW-3.jpg,https://sedvirtual.sedcolombia.com.co/stockimages/DELL-460-BDSW-4.jpg,0
580-AKCU,Accesorios,"Combo teclado",DELL,"Combo Dell teclado Mouse en español KM3322W",https://sedvirtual.sedcolombia.com.co/stockimages/DELL-580-AKCU-1.jpg,https://sedvirtual.sedcolombia.com.co/stockimages/DELL-580-AKCU-2.jpg,https://sedvirtual.sedcolombia.com.co/stockimages/DELL-580-AKCU-3.jpg,https://sedvirtual.sedcolombia.com.co/stockimages/DELL-580-AKCU-4.jpg,0
5HB06A#B1K,Impresión,"Impresora Gran Formato",HP,"Plotter HP DesignJet T250 24-in Printer","https://sedvirtual.sedcolombia.com.co/stockimages/HP-5HB06A#B1K -1.jpg","https://sedvirtual.sedcolombia.com.co/stockimages/HP-5HB06A#B1K -2.jpg","https://sedvirtual.sedcolombia.com.co/stockimages/HP-5HB06A#B1K -3.jpg","https://sedvirtual.sedcolombia.com.co/stockimages/HP-5HB06A#B1K -4.jpg",0
634-BYLI,Servidores,Otro,DELL,"Sistema operativo servidor Dell windows Server 2022,Essentials,ROK,10CORE",https://sedvirtual.sedcolombia.com.co/stockimages/DELL-634-BYLI-1.jpg,https://sedvirtual.sedcolombia.com.co/stockimages/DELL-634-BYLI-2.jpg,https://sedvirtual.sedcolombia.com.co/stockimages/DELL-634-BYLI-3.jpg,https://sedvirtual.sedcolombia.com.co/stockimages/DELL-634-BYLI-4.jpg,0
64W30AA#ABA,"Televisores y Monitores",Monitores,HP,"monitor 21.5' Adjustable",https://sedvirtual.sedcolombia.com.co/stockimages/HP-64W30AA#ABA-1.jpg,https://sedvirtual.sedcolombia.com.co/stockimages/HP-64W30AA#ABA-2.jpg,https://sedvirtual.sedcolombia.com.co/stockimages/HP-64W30AA#ABA-3.jpg,https://sedvirtual.sedcolombia.com.co/stockimages/HP-64W30AA#ABA-4.jpg,0
81S72LT#ABM,Computadores,Portátiles,HP,"Portátil HP 245 G10 14' Ryzen R3-7330U 8Gb 512SSD Linux 1Yr",https://sedvirtual.sedcolombia.com.co/stockimages/HP-81S72LT#ABM-1.jpg,https://sedvirtual.sedcolombia.com.co/stockimages/HP-81S72LT#ABM-2.jpg,https://sedvirtual.sedcolombia.com.co/stockimages/HP-81S72LT#ABM-3.jpg,https://sedvirtual.sedcolombia.com.co/stockimages/HP-81S72LT#ABM-4.jpg,0
861681-B21,Servidores,Discos,HP,"Disco Duro HPE 2TB SATA 7.2K LFF LP DS HDD",https://sedvirtual.sedcolombia.com.co/stockimages/HP-861681-B21-1.jpg,https://sedvirtual.sedcolombia.com.co/stockimages/HP-861681-B21-2.jpg,https://sedvirtual.sedcolombia.com.co/stockimages/HP-861681-B21-3.jpg,https://sedvirtual.sedcolombia.com.co/stockimages/HP-861681-B21-4.jpg,0
9H.JNF77.1JL,Proyectores,Proyectores,BENQ,"Proyector BenQ Lampara MW560 4000 Lumens WXGA 3y",https://sedvirtual.sedcolombia.com.co/stockimages/BENQ-9H.JNF77.1JL-1.jpg,https://sedvirtual.sedcolombia.com.co/stockimages/BENQ-9H.JNF77.1JL-2.jpg,https://sedvirtual.sedcolombia.com.co/stockimages/BENQ-9H.JNF77.1JL-3.jpg,https://sedvirtual.sedcolombia.com.co/stockimages/BENQ-9H.JNF77.1JL-4.jpg,0
A11SFLT#ABM,Computadores,Workstation,HP,"Portátil HP WS Firefly 14 G11 Intel Ultra 7 155H 32GB  1TB SSD 4GB Windows 11 Pro 1Y",https://sedvirtual.sedcolombia.com.co/stockimages/HP-A11SFLT#ABM-1.jpg,https://sedvirtual.sedcolombia.com.co/stockimages/HP-A11SFLT#ABM-2.jpg,https://sedvirtual.sedcolombia.com.co/stockimages/HP-A11SFLT#ABM-3.jpg,https://sedvirtual.sedcolombia.com.co/stockimages/HP-A11SFLT#ABM-4.jpg,0
A11SJLT#ABM,Computadores,Portátiles,HP,"Portátil HP WS Firefly 16 G11 Intel Ultra 7 155H 16GB 512 SSD 4GB Win 11 Pro 1Y",https://sedvirtual.sedcolombia.com.co/stockimages/HP-A11SJLT#ABM-1.jpg,https://sedvirtual.sedcolombia.com.co/stockimages/HP-A11SJLT#ABM-2.jpg,https://sedvirtual.sedcolombia.com.co/stockimages/HP-A11SJLT#ABM-3.jpg,https://sedvirtual.sedcolombia.com.co/stockimages/HP-A11SJLT#ABM-4.jpg,0
A31DQLT#ABM,Computadores,Portátiles,HP,"Portátil HP WS Power 16G11 Intel Ultra 7 155H 16GB 1TB SSD 4GB Windows 11 Pro 1Y",https://sedvirtual.sedcolombia.com.co/stockimages/HP-A31DQLT#ABM-1.jpg,https://sedvirtual.sedcolombia.com.co/stockimages/HP-A31DQLT#ABM-2.jpg,https://sedvirtual.sedcolombia.com.co/stockimages/HP-A31DQLT#ABM-3.jpg,https://sedvirtual.sedcolombia.com.co/stockimages/HP-A31DQLT#ABM-4.jpg,0
AUSDX64GUICL10-RA1,Almacenamiento,"Memoria Micro SD",ADATA,"Memoria Micro SD ADATA 64GB clase 10",https://sedvirtual.sedcolombia.com.co/stockimages/ADATA-AUSDX64GUICL10-RA1-1.jpg,https://sedvirtual.sedcolombia.com.co/stockimages/ADATA-AUSDX64GUICL10-RA1-2.jpg,https://sedvirtual.sedcolombia.com.co/stockimages/ADATA-AUSDX64GUICL10-RA1-3.jpg,https://sedvirtual.sedcolombia.com.co/stockimages/ADATA-AUSDX64GUICL10-RA1-4.jpg,0
AUV240-32G-RRD,Almacenamiento,"Memoria USB",ADATA,"Memoria USB ADATA UV240 2.0 32GB Rojo",https://sedvirtual.sedcolombia.com.co/stockimages/ADATA-AUV240-32G-RRD-1.jpg,https://sedvirtual.sedcolombia.com.co/stockimages/ADATA-AUV240-32G-RRD-2.jpg,https://sedvirtual.sedcolombia.com.co/stockimages/ADATA-AUV240-32G-RRD-3.jpg,https://sedvirtual.sedcolombia.com.co/stockimages/ADATA-AUV240-32G-RRD-4.jpg,0
AUV320-128G-RBKBL,Almacenamiento,"Memoria USB",ADATA,"Memoria USB ADATA UV320 3.2 128GB Negro con Azul",https://sedvirtual.sedcolombia.com.co/stockimages/ADATA-AUV320-128G-RBKBL-1.jpg,https://sedvirtual.sedcolombia.com.co/stockimages/ADATA-AUV320-128G-RBKBL-2.jpg,https://sedvirtual.sedcolombia.com.co/stockimages/ADATA-AUV320-128G-RBKBL-3.jpg,https://sedvirtual.sedcolombia.com.co/stockimages/ADATA-AUV320-128G-RBKBL-4.jpg,0
AX4U32008G16A-ST41,Almacenamiento,"Memoria RAM",ADATA,"Memoria RAM XPG Spectrix D41 para PC DDR4 8GB 3200 Mhz RGB",https://sedvirtual.sedcolombia.com.co/stockimages/ADATA-AX4U32008G16A-ST41-1.jpg,https://sedvirtual.sedcolombia.com.co/stockimages/ADATA-AX4U32008G16A-ST41-2.jpg,https://sedvirtual.sedcolombia.com.co/stockimages/ADATA-AX4U32008G16A-ST41-3.jpg,https://sedvirtual.sedcolombia.com.co/stockimages/ADATA-AX4U32008G16A-ST41-4.jpg,0
B03E1LT#ABM,Computadores,Portátiles,HP,"Portátil HP 255 G10 15.6' Ryzen R7-7730U 16Gb 512SSD Linux 1Yr",https://sedvirtual.sedcolombia.com.co/stockimages/HP-B03E1LT#ABM-1.jpg,https://sedvirtual.sedcolombia.com.co/stockimages/HP-B03E1LT#ABM-2.jpg,https://sedvirtual.sedcolombia.com.co/stockimages/HP-B03E1LT#ABM-3.jpg,https://sedvirtual.sedcolombia.com.co/stockimages/HP-B03E1LT#ABM-4.jpg,0
DWR-932C,Conectividad,Router,DLINK,"Router Dlink 4G",https://sedvirtual.sedcolombia.com.co/stockimages/DLINK-DWR-932C-1.jpg,https://sedvirtual.sedcolombia.com.co/stockimages/DLINK-DWR-932C-2.jpg,https://sedvirtual.sedcolombia.com.co/stockimages/DLINK-DWR-932C-3.jpg,https://sedvirtual.sedcolombia.com.co/stockimages/DLINK-DWR-932C-4.jpg,0
DWR-M921,Conectividad,Router,DLINK,"Router D-Link 4G LTE",https://sedvirtual.sedcolombia.com.co/stockimages/DLINK-DWR-M921-1.jpg,https://sedvirtual.sedcolombia.com.co/stockimages/DLINK-DWR-M921-2.jpg,https://sedvirtual.sedcolombia.com.co/stockimages/DLINK-DWR-M921-3.jpg,https://sedvirtual.sedcolombia.com.co/stockimages/DLINK-DWR-M921-4.jpg,0
FCHH6,Computadores,Portátiles,DELL,"Portátil Dell 5450 14' Intel Ultra 5 - 125U 16GB 512GB SSD Windows 11 Pro 3Y",https://sedvirtual.sedcolombia.com.co/stockimages/DELL-FCHH6-1.jpg,https://sedvirtual.sedcolombia.com.co/stockimages/DELL-FCHH6-2.jpg,https://sedvirtual.sedcolombia.com.co/stockimages/DELL-FCHH6-3.jpg,https://sedvirtual.sedcolombia.com.co/stockimages/DELL-FCHH6-4.jpg,0
GD5S5600716G-SMI,Almacenamiento,"Memoria RAM",ADATA,"Memoria Ram Adata Gold para portátil 16GB DDR5 5600mhz",https://sedvirtual.sedcolombia.com.co/stockimages/ADATA-GD5S5600716G-SMI-1.jpg,https://sedvirtual.sedcolombia.com.co/stockimages/ADATA-GD5S5600716G-SMI-2.jpg,https://sedvirtual.sedcolombia.com.co/stockimages/ADATA-GD5S5600716G-SMI-3.jpg,https://sedvirtual.sedcolombia.com.co/stockimages/ADATA-GD5S5600716G-SMI-4.jpg,0
GG0KM,Computadores,PC's,DELL,"PC SFF Dell Optiplex 7010 Intel I5-13500 8GB 512GB SSD Windows 11 Pro 3Y",https://sedvirtual.sedcolombia.com.co/stockimages/DELL-GG0KM-1.jpg,https://sedvirtual.sedcolombia.com.co/stockimages/DELL-GG0KM-2.jpg,https://sedvirtual.sedcolombia.com.co/stockimages/DELL-GG0KM-3.jpg,https://sedvirtual.sedcolombia.com.co/stockimages/DELL-GG0KM-4.jpg,0
IPC-S7XN-10M0WED,Cámaras,Otro,IMOU,"CAMARA IMOU CRUISER DOBLE  LENTE  10 MP",null,null,null,null,0
L7452IN1I7RPS16512W11P3PSXCTO,Computadores,Portátiles,DELL,"Portátil Latitude 7450 14' intel Ultra 7-165U  16GB 512GB SSD Windows 11 Pro 3Y",https://sedvirtual.sedcolombia.com.co/stockimages/DELL-L7452IN1I7RPS16512W11P3PSXCTO-1.jpg,https://sedvirtual.sedcolombia.com.co/stockimages/DELL-L7452IN1I7RPS16512W11P3PSXCTO-2.jpg,https://sedvirtual.sedcolombia.com.co/stockimages/DELL-L7452IN1I7RPS16512W11P3PSXCTO-3.jpg,https://sedvirtual.sedcolombia.com.co/stockimages/DELL-L7452IN1I7RPS16512W11P3PSXCTO-4.jpg,0
LC32R500FHLXZL,"Televisores y Monitores",Monitores,SAMSUNG,"Monitor Curvo Samsung 32' LC32R500 Full HD",https://sedvirtual.sedcolombia.com.co/stockimages/SAMSUNG-LC32R500FHLXZL-1.jpg,https://sedvirtual.sedcolombia.com.co/stockimages/SAMSUNG-LC32R500FHLXZL-2.jpg,https://sedvirtual.sedcolombia.com.co/stockimages/SAMSUNG-LC32R500FHLXZL-3.jpg,https://sedvirtual.sedcolombia.com.co/stockimages/SAMSUNG-LC32R500FHLXZL-4.jpg,0
P2425H,"Televisores y Monitores",Monitores,DELL,"Monitor Dell 24' P2425H LED  FHD",https://sedvirtual.sedcolombia.com.co/stockimages/DELL-P2425H-1.jpg,https://sedvirtual.sedcolombia.com.co/stockimages/DELL-P2425H-2.jpg,https://sedvirtual.sedcolombia.com.co/stockimages/DELL-P2425H-3.jpg,https://sedvirtual.sedcolombia.com.co/stockimages/DELL-P2425H-4.jpg,0
P2723QE_WS,"Televisores y Monitores",Monitores,DELL,"Monitor DELL 27' P2723QE USB-C Hub 4K","https://sedvirtual.sedcolombia.com.co/stockimages/Televisores y Monitores---DELL-P2723QE_WS-1.jpg","https://sedvirtual.sedcolombia.com.co/stockimages/Televisores y Monitores---DELL-P2723QE_WS-2.jpg","https://sedvirtual.sedcolombia.com.co/stockimages/Televisores y Monitores---DELL-P2723QE_WS-3.jpg","https://sedvirtual.sedcolombia.com.co/stockimages/Televisores y Monitores---DELL-P2723QE_WS-4.jpg",0
P3680I98GSED,Computadores,Workstation,DELL,"PC Ws Dell 3680 Intel i9-14900 16GB 1TB SSD 8G Win 11 Pro 3Y",https://sedvirtual.sedcolombia.com.co/stockimages/DELL-P3680I98GSED-1.jpg,https://sedvirtual.sedcolombia.com.co/stockimages/DELL-P3680I98GSED-2.jpg,https://sedvirtual.sedcolombia.com.co/stockimages/DELL-P3680I98GSED-3.jpg,https://sedvirtual.sedcolombia.com.co/stockimages/DELL-P3680I98GSED-4.jpg,0
P51930-B21,Servidores,Rack,HP,"Servidor HPE ProLiant DL360 Gen11 4410Y 2.0GHz 12-core 1P 32GB-R MR408i-o NC 8SFF 800W PS",https://sedvirtual.sedcolombia.com.co/stockimages/HP-P51930-B21-1.jpg,https://sedvirtual.sedcolombia.com.co/stockimages/HP-P51930-B21-2.jpg,https://sedvirtual.sedcolombia.com.co/stockimages/HP-P51930-B21-3.jpg,https://sedvirtual.sedcolombia.com.co/stockimages/HP-P51930-B21-4.jpg,0
R760XSANH2FY25v1,Servidores,Rack,DELL,"Servidor Rack Dell Xeon G 5416S 32GB  480SSD 3.5-12 PER H755 iDRAC Dat NIC 57416 3Y PS",https://sedvirtual.sedcolombia.com.co/stockimages/DELL-R760XSANH2FY25v1-1.jpg,https://sedvirtual.sedcolombia.com.co/stockimages/DELL-R760XSANH2FY25v1-2.jpg,https://sedvirtual.sedcolombia.com.co/stockimages/DELL-R760XSANH2FY25v1-3.jpg,https://sedvirtual.sedcolombia.com.co/stockimages/DELL-R760XSANH2FY25v1-4.jpg,0
R760XSANH2FY25v3,Servidores,Rack,DELL,"Servidor Rack Dell Xeon G 5418Y 32GB 960GB SSD 3.5-12 PERC H755 iDRAC9 Dat NIC 57416 3Y PS",https://sedvirtual.sedcolombia.com.co/stockimages/DELL-R760XSANH2FY25v3-1.jpg,https://sedvirtual.sedcolombia.com.co/stockimages/DELL-R760XSANH2FY25v3-2.jpg,https://sedvirtual.sedcolombia.com.co/stockimages/DELL-R760XSANH2FY25v3-3.jpg,https://sedvirtual.sedcolombia.com.co/stockimages/DELL-R760XSANH2FY25v3-4.jpg,0
R8N87A,Conectividad,Switch,ARUBA,"Switch Aruba 6000 24G CL4 4SFP 370W",https://sedvirtual.sedcolombia.com.co/stockimages/ARUBA-R8N87A-1.jpg,https://sedvirtual.sedcolombia.com.co/stockimages/ARUBA-R8N87A-2.jpg,https://sedvirtual.sedcolombia.com.co/stockimages/ARUBA-R8N87A-3.jpg,https://sedvirtual.sedcolombia.com.co/stockimages/ARUBA-R8N87A-4.jpg,0
SCT5170SR,Impresión,"Impresora Gran Formato",EPSON,"Impresora técnica Epson SC-T5170SR 36'",https://sedvirtual.sedcolombia.com.co/stockimages/EPSON-SCT5170SR-1.jpg,https://sedvirtual.sedcolombia.com.co/stockimages/EPSON-SCT5170SR-2.jpg,https://sedvirtual.sedcolombia.com.co/stockimages/EPSON-SCT5170SR-3.jpg,https://sedvirtual.sedcolombia.com.co/stockimages/EPSON-SCT5170SR-4.jpg,0
T160_SOLAH2FY25,Servidores,Torre,DELL,"Servidor Torre Dell Intel Xeon E-2414G 16GB 2TB HDD 3.5-3 No PERC iDRAC9 Basic 1Y Basic",https://sedvirtual.sedcolombia.com.co/stockimages/DELL-T160_SOLAH2FY25-1.jpg,https://sedvirtual.sedcolombia.com.co/stockimages/DELL-T160_SOLAH2FY25-2.jpg,https://sedvirtual.sedcolombia.com.co/stockimages/DELL-T160_SOLAH2FY25-3.jpg,https://sedvirtual.sedcolombia.com.co/stockimages/DELL-T160_SOLAH2FY25-4.jpg,0
T160ANH2Y25v1,Servidores,Torre,DELL,"Servidor Torre Dell Intel Xeon E-2436G 16GB 4TB HDD 3.5-3 PERC H355 iDRAC9 Basic 3Y Basic",https://sedvirtual.sedcolombia.com.co/stockimages/DELL-T160ANH2Y25v1-1.jpg,https://sedvirtual.sedcolombia.com.co/stockimages/DELL-T160ANH2Y25v1-2.jpg,https://sedvirtual.sedcolombia.com.co/stockimages/DELL-T160ANH2Y25v1-3.jpg,https://sedvirtual.sedcolombia.com.co/stockimages/DELL-T160ANH2Y25v1-4.jpg,0
UN43DU7000KXZL,"Televisores y Monitores",Televisores,SAMSUNG,"Tv Samsung 43' DU7000 Crystal Ultra HD 4K Smart Tv",https://sedvirtual.sedcolombia.com.co/stockimages/SAMSUNG-UN43DU7000KXZL-1.jpg,https://sedvirtual.sedcolombia.com.co/stockimages/SAMSUNG-UN43DU7000KXZL-2.jpg,https://sedvirtual.sedcolombia.com.co/stockimages/SAMSUNG-UN43DU7000KXZL-3.jpg,https://sedvirtual.sedcolombia.com.co/stockimages/SAMSUNG-UN43DU7000KXZL-4.jpg,0
30GU000WLM,Computadores,Workstation,LENOVO,"PC Ws Lenovo P3 Intel i9 13900 16GB 512 SSD 1TB SATA  Windows 11 3Y",https://sedvirtual.sedcolombia.com.co/stockimages/LENOVO-30GU000WLM-1.jpg,https://sedvirtual.sedcolombia.com.co/stockimages/LENOVO-30GU000WLM-2.jpg,https://sedvirtual.sedcolombia.com.co/stockimages/LENOVO-30GU000WLM-3.jpg,https://sedvirtual.sedcolombia.com.co/stockimages/LENOVO-30GU000WLM-4.jpg,0
3QA55A#BGJ,Impresión,,HP,"HP Color LaserJet Enterprise MFP M480f",https://sedvirtual.sedcolombia.com.co/stockimages/HP-3QA55A#BGJ-1.jpg,https://sedvirtual.sedcolombia.com.co/stockimages/HP-3QA55A#BGJ-2.jpg,https://sedvirtual.sedcolombia.com.co/stockimages/HP-3QA55A#BGJ-3.jpg,https://sedvirtual.sedcolombia.com.co/stockimages/HP-3QA55A#BGJ-4.jpg,0
A98Y1LT#ABM,Computadores,Portátiles,HP,"Portátil HP EB Ultra G1Q X1E7810 14' 16GB 1TB SSD Windows 11 Pro 1Y",https://sedvirtual.sedcolombia.com.co/stockimages/HP-A98Y1LT#ABM-1.jpg,https://sedvirtual.sedcolombia.com.co/stockimages/HP-A98Y1LT#ABM-2.jpg,https://sedvirtual.sedcolombia.com.co/stockimages/HP-A98Y1LT#ABM-3.jpg,https://sedvirtual.sedcolombia.com.co/stockimages/HP-A98Y1LT#ABM-4.jpg,0
AB675793,Servidores,Memorias,DELL,"Memoria ram Dell 16GB-2RX4 DDR4 UDIMM 3200MHz ECC",https://sedvirtual.sedcolombia.com.co/stockimages/DELL-AB675793-1.jpg,https://sedvirtual.sedcolombia.com.co/stockimages/DELL-AB675793-2.jpg,https://sedvirtual.sedcolombia.com.co/stockimages/DELL-AB675793-3.jpg,https://sedvirtual.sedcolombia.com.co/stockimages/DELL-AB675793-4.jpg,0
HDTCA40XK3CA,Almacenamiento,"Disco Duro Externo e Interno",TOSHIBA,"Disco Portátil Toshiba® Canvio® Advance V10, Negro 4TB",https://sedvirtual.sedcolombia.com.co/stockimages/TOSHIBA-HDTCA40XK3CA-1.jpg,https://sedvirtual.sedcolombia.com.co/stockimages/TOSHIBA-HDTCA40XK3CA-2.jpg,https://sedvirtual.sedcolombia.com.co/stockimages/TOSHIBA-HDTCA40XK3CA-3.jpg,https://sedvirtual.sedcolombia.com.co/stockimages/TOSHIBA-HDTCA40XK3CA-4.jpg,0
HDWG51EXZSTA,Almacenamiento,"Disco Duro Externo e Interno",TOSHIBA,"Disco Duro Interno Toshiba® N300  de Rendimiento , 14TB",https://sedvirtual.sedcolombia.com.co/stockimages/TOSHIBA-HDWG51EXZSTA-1.jpg,https://sedvirtual.sedcolombia.com.co/stockimages/TOSHIBA-HDWG51EXZSTA-2.jpg,https://sedvirtual.sedcolombia.com.co/stockimages/TOSHIBA-HDWG51EXZSTA-3.jpg,https://sedvirtual.sedcolombia.com.co/stockimages/TOSHIBA-HDWG51EXZSTA-4.jpg,0
HDWG740XZSTC,Almacenamiento,"Disco Duro Externo e Interno",TOSHIBA,"Disco Duro Interno Toshiba® N300  de Rendimiento , 4TB",https://sedvirtual.sedcolombia.com.co/stockimages/TOSHIBA-HDWG740XZSTC-1.jpg,https://sedvirtual.sedcolombia.com.co/stockimages/TOSHIBA-HDWG740XZSTC-2.jpg,https://sedvirtual.sedcolombia.com.co/stockimages/TOSHIBA-HDWG740XZSTC-3.jpg,https://sedvirtual.sedcolombia.com.co/stockimages/TOSHIBA-HDWG740XZSTC-4.jpg,0
HDWG760XZSTA,Almacenamiento,"Disco Duro Externo e Interno",TOSHIBA,"Disco Duro Interno Toshiba® N300  de Rendimiento , 6TB",https://sedvirtual.sedcolombia.com.co/stockimages/TOSHIBA-HDWG760XZSTA-1.jpg,https://sedvirtual.sedcolombia.com.co/stockimages/TOSHIBA-HDWG760XZSTA-2.jpg,https://sedvirtual.sedcolombia.com.co/stockimages/TOSHIBA-HDWG760XZSTA-3.jpg,https://sedvirtual.sedcolombia.com.co/stockimages/TOSHIBA-HDWG760XZSTA-4.jpg,0
HDWG780XZSTA,Almacenamiento,"Disco Duro Externo e Interno",TOSHIBA,"Disco Duro Interno Toshiba® N300  de Rendimiento , 8TB",https://sedvirtual.sedcolombia.com.co/stockimages/TOSHIBA-HDWG780XZSTA-1.jpg,https://sedvirtual.sedcolombia.com.co/stockimages/TOSHIBA-HDWG780XZSTA-2.jpg,https://sedvirtual.sedcolombia.com.co/stockimages/TOSHIBA-HDWG780XZSTA-3.jpg,https://sedvirtual.sedcolombia.com.co/stockimages/TOSHIBA-HDWG780XZSTA-4.jpg,0
P60638-B21,Servidores,Rack,HP,"Servidor HPE ProLiant DL380 Gen11 5418Y 2.0GHz 24-core 1P 64GB-R MR408i-o NC 8SFF 800W PS",https://sedvirtual.sedcolombia.com.co/stockimages/HP-P60638-B21-1.jpg,https://sedvirtual.sedcolombia.com.co/stockimages/HP-P60638-B21-2.jpg,https://sedvirtual.sedcolombia.com.co/stockimages/HP-P60638-B21-3.jpg,https://sedvirtual.sedcolombia.com.co/stockimages/HP-P60638-B21-4.jpg,0
R360ANH2FY25v1,Servidores,Rack,DELL,"Servidor Rack Dell Intel Xeon E-2468 16GB 480GB SSD 2.5-8 PERC H755 iDRAC9 Basic 3Y PS",https://sedvirtual.sedcolombia.com.co/stockimages/DELL-R360ANH2FY25v1-1.jpg,https://sedvirtual.sedcolombia.com.co/stockimages/DELL-R360ANH2FY25v1-2.jpg,https://sedvirtual.sedcolombia.com.co/stockimages/DELL-R360ANH2FY25v1-3.jpg,https://sedvirtual.sedcolombia.com.co/stockimages/DELL-R360ANH2FY25v1-4.jpg,0
R550ANH2FY25,Servidores,Rack,DELL,"Servidor Rack Dell Xeon S 4310 32GB  480GB SSD 3.5-8 PERC H755 iDRAC9 Ent X710 3Y PS",https://sedvirtual.sedcolombia.com.co/stockimages/DELL-R550ANH2FY25-1.jpg,https://sedvirtual.sedcolombia.com.co/stockimages/DELL-R550ANH2FY25-2.jpg,https://sedvirtual.sedcolombia.com.co/stockimages/DELL-R550ANH2FY25-3.jpg,https://sedvirtual.sedcolombia.com.co/stockimages/DELL-R550ANH2FY25-4.jpg,0
R760XSANH2FY25v4,Servidores,Rack,DELL,"Servidor Rack Dell 2x Xeon G 5416S/32GB x2 960SSD   3.5 - 12 PERC H755 iDRAC9 Dat 3Y PS",https://sedvirtual.sedcolombia.com.co/stockimages/DELL-R760XSANH2FY25v4-1.jpg,https://sedvirtual.sedcolombia.com.co/stockimages/DELL-R760XSANH2FY25v4-2.jpg,https://sedvirtual.sedcolombia.com.co/stockimages/DELL-R760XSANH2FY25v4-3.jpg,https://sedvirtual.sedcolombia.com.co/stockimages/DELL-R760XSANH2FY25v4-4.jpg,0
T11A320-AL,Impresión,"Suministros de impresión",EPSON,"Bolsa de tinta Epson magenta para WF-5890",https://sedvirtual.sedcolombia.com.co/stockimages/EPSON-T11A320-AL-1.jpg,https://sedvirtual.sedcolombia.com.co/stockimages/EPSON-T11A320-AL-2.jpg,https://sedvirtual.sedcolombia.com.co/stockimages/EPSON-T11A320-AL-3.jpg,https://sedvirtual.sedcolombia.com.co/stockimages/EPSON-T11A320-AL-4.jpg,0
T11A420-AL,Impresión,"Suministros de impresión",EPSON,"Bolsa de tinta Epson amarillo para WF-5890",https://sedvirtual.sedcolombia.com.co/stockimages/EPSON-T11A420-AL-1.jpg,https://sedvirtual.sedcolombia.com.co/stockimages/EPSON-T11A420-AL-2.jpg,https://sedvirtual.sedcolombia.com.co/stockimages/EPSON-T11A420-AL-3.jpg,https://sedvirtual.sedcolombia.com.co/stockimages/EPSON-T11A420-AL-4.jpg,0
V11H983020,Proyectores,Proyectores,EPSON,"Proyector Epson PowerLite W49 3800 Lumens WXGA",https://sedvirtual.sedcolombia.com.co/stockimages/EPSON-V11H983020-1.jpg,https://sedvirtual.sedcolombia.com.co/stockimages/EPSON-V11H983020-2.jpg,https://sedvirtual.sedcolombia.com.co/stockimages/EPSON-V11H983020-3.jpg,https://sedvirtual.sedcolombia.com.co/stockimages/EPSON-V11H983020-4.jpg,0
12JF009GLS,Computadores,PC's,LENOVO,"PC SFF Lenovo NEO 50s Intel i5-13400 16G 512GB SSD Windows 11P 3Y",https://sedvirtual.sedcolombia.com.co/stockimages/LENOVO-12JF009GLS-1.jpg,https://sedvirtual.sedcolombia.com.co/stockimages/LENOVO-12JF009GLS-2.jpg,https://sedvirtual.sedcolombia.com.co/stockimages/LENOVO-12JF009GLS-3.jpg,https://sedvirtual.sedcolombia.com.co/stockimages/LENOVO-12JF009GLS-4.jpg,0
12JF009HLS,Computadores,PC's,LENOVO,"PC SFF Lenovo NEO 50s Intel i7-13700 16G 512GB SSD Windows 11P 3Y",https://sedvirtual.sedcolombia.com.co/stockimages/LENOVO-12JF009HLS-1.jpg,https://sedvirtual.sedcolombia.com.co/stockimages/LENOVO-12JF009HLS-2.jpg,https://sedvirtual.sedcolombia.com.co/stockimages/LENOVO-12JF009HLS-3.jpg,https://sedvirtual.sedcolombia.com.co/stockimages/LENOVO-12JF009HLS-4.jpg,0
12LM000VLS,Computadores,Portátiles,LENOVO,"PC Lenovo Neo Tiny 50q Intel I5-13420H 16GB  512GB SSD Windows 11Pro 3Y",https://sedvirtual.sedcolombia.com.co/stockimages/LENOVO-12LM000VLS-1.jpg,https://sedvirtual.sedcolombia.com.co/stockimages/LENOVO-12LM000VLS-2.jpg,https://sedvirtual.sedcolombia.com.co/stockimages/LENOVO-12LM000VLS-3.jpg,https://sedvirtual.sedcolombia.com.co/stockimages/LENOVO-12LM000VLS-4.jpg,0
12TE000RLS,Computadores,PC's,LENOVO,"PC Lenovo Tiny M70q Intel i7-13700T 16GB 512GB SSD Windows 11Pro 3Y",https://sedvirtual.sedcolombia.com.co/stockimages/LENOVO-12TE000RLS-1.jpg,https://sedvirtual.sedcolombia.com.co/stockimages/LENOVO-12TE000RLS-2.jpg,https://sedvirtual.sedcolombia.com.co/stockimages/LENOVO-12TE000RLS-3.jpg,https://sedvirtual.sedcolombia.com.co/stockimages/LENOVO-12TE000RLS-4.jpg,0
161-BCHF,Servidores,Discos,DELL,"Disco servidor Dell 2.4TB SAS 10K  2.5",https://sedvirtual.sedcolombia.com.co/stockimages/DELL-161-BCHF-1.jpg,https://sedvirtual.sedcolombia.com.co/stockimages/DELL-161-BCHF-2.jpg,https://sedvirtual.sedcolombia.com.co/stockimages/DELL-161-BCHF-3.jpg,https://sedvirtual.sedcolombia.com.co/stockimages/DELL-161-BCHF-4.jpg,0
21M8001DLM,Computadores,Portátiles,LENOVO,"Portátil Lenovo Thinkpad E14 14' Intel Ultra 7 155U 16GB 512GB SSD Windows 11P  3Y",https://sedvirtual.sedcolombia.com.co/stockimages/LENOVO-21M8001DLM-1.jpg,https://sedvirtual.sedcolombia.com.co/stockimages/LENOVO-21M8001DLM-2.jpg,https://sedvirtual.sedcolombia.com.co/stockimages/LENOVO-21M8001DLM-3.jpg,https://sedvirtual.sedcolombia.com.co/stockimages/LENOVO-21M8001DLM-4.jpg,0
400-BLNW,Servidores,Discos,DELL,"Disco servidor Dell 4TB Hard Drive SATA 6Gbps 7.2K 512n 3.5in Cabled, CUS Kit",https://sedvirtual.sedcolombia.com.co/stockimages/DELL-400-BLNW-1.jpg,https://sedvirtual.sedcolombia.com.co/stockimages/DELL-400-BLNW-2.jpg,https://sedvirtual.sedcolombia.com.co/stockimages/DELL-400-BLNW-3.jpg,https://sedvirtual.sedcolombia.com.co/stockimages/DELL-400-BLNW-4.jpg,0
408339,Impresión,"Suministros de impresión",RICOH,"Cartucho de toner Ricoh Yellow M C 250H",https://sedvirtual.sedcolombia.com.co/stockimages/RICOH-408339-1.jpg,https://sedvirtual.sedcolombia.com.co/stockimages/RICOH-408339-2.jpg,https://sedvirtual.sedcolombia.com.co/stockimages/RICOH-408339-3.jpg,https://sedvirtual.sedcolombia.com.co/stockimages/RICOH-408339-4.jpg,0
4X20M26268,Accesorios,Cargadores,LENOVO,"Cargador de pared Lenovo tipo C -USB 65W","https://sedvirtual.sedcolombia.com.co/stockimages/LENOVO-4X20M26268     -1.jpg","https://sedvirtual.sedcolombia.com.co/stockimages/LENOVO-4X20M26268     -2.jpg","https://sedvirtual.sedcolombia.com.co/stockimages/LENOVO-4X20M26268     -3.jpg","https://sedvirtual.sedcolombia.com.co/stockimages/LENOVO-4X20M26268     -4.jpg",0
4X40T84059,Accesorios,Morrales,LENOVO,"Maleta Lenovo Premier B210 15' Negro",https://sedvirtual.sedcolombia.com.co/stockimages/LENOVO-4X40T84059-1.jpg,https://sedvirtual.sedcolombia.com.co/stockimages/LENOVO-4X40T84059-2.jpg,https://sedvirtual.sedcolombia.com.co/stockimages/LENOVO-4X40T84059-3.jpg,https://sedvirtual.sedcolombia.com.co/stockimages/LENOVO-4X40T84059-4.jpg,0
4XD1J77352,Audio,Audífonos,LENOVO,"Auriculares Lenovo Gen II analógicos internos",https://sedvirtual.sedcolombia.com.co/stockimages/LENOVO-4XD1J77352-1.jpg,https://sedvirtual.sedcolombia.com.co/stockimages/LENOVO-4XD1J77352-2.jpg,https://sedvirtual.sedcolombia.com.co/stockimages/LENOVO-4XD1J77352-3.jpg,https://sedvirtual.sedcolombia.com.co/stockimages/LENOVO-4XD1J77352-4.jpg,0
4Y50R20863,Accesorios,Mouse,LENOVO,"Mouse USB Lenovo Essential",https://sedvirtual.sedcolombia.com.co/stockimages/LENOVO-4Y50R20863-1.jpg,https://sedvirtual.sedcolombia.com.co/stockimages/LENOVO-4Y50R20863-2.jpg,https://sedvirtual.sedcolombia.com.co/stockimages/LENOVO-4Y50R20863-3.jpg,https://sedvirtual.sedcolombia.com.co/stockimages/LENOVO-4Y50R20863-4.jpg,0
55A6N,"Televisores y Monitores",Televisores,HISENSE,"TV Hisense 55' LED UHD 4K Smart TV 55A6N VIDAA U7",https://sedvirtual.sedcolombia.com.co/stockimages/HISENSE-55A6N-1.jpg,https://sedvirtual.sedcolombia.com.co/stockimages/HISENSE-55A6N-2.jpg,https://sedvirtual.sedcolombia.com.co/stockimages/HISENSE-55A6N-3.jpg,https://sedvirtual.sedcolombia.com.co/stockimages/HISENSE-55A6N-4.jpg,0
5HB06D#B1K,Impresión,"Impresora Gran Formato",HP,"Plotter HP DesignJet T250 24-in Printer","https://sedvirtual.sedcolombia.com.co/stockimages/HP-5HB06D#B1K -1.jpg","https://sedvirtual.sedcolombia.com.co/stockimages/HP-5HB06D#B1K -2.jpg","https://sedvirtual.sedcolombia.com.co/stockimages/HP-5HB06D#B1K -3.jpg","https://sedvirtual.sedcolombia.com.co/stockimages/HP-5HB06D#B1K -4.jpg",0
63DCKAR6LA,"Televisores y Monitores",Monitores,LENOVO,"Monitor C24-40(D22238FD0)23.8inch Monitor-VGA + HDMI",https://sedvirtual.sedcolombia.com.co/stockimages/LENOVO-63DCKAR6LA-1.jpg,https://sedvirtual.sedcolombia.com.co/stockimages/LENOVO-63DCKAR6LA-2.jpg,https://sedvirtual.sedcolombia.com.co/stockimages/LENOVO-63DCKAR6LA-3.jpg,https://sedvirtual.sedcolombia.com.co/stockimages/LENOVO-63DCKAR6LA-4.jpg,0
63DDKAR6LA,"Televisores y Monitores",Monitores,LENOVO,"Monitor Diseño Lenovo 27' FHD",https://sedvirtual.sedcolombia.com.co/stockimages/LENOVO-63DDKAR6LA-1.jpg,https://sedvirtual.sedcolombia.com.co/stockimages/LENOVO-63DDKAR6LA-2.jpg,https://sedvirtual.sedcolombia.com.co/stockimages/LENOVO-63DDKAR6LA-3.jpg,https://sedvirtual.sedcolombia.com.co/stockimages/LENOVO-63DDKAR6LA-4.jpg,0
63FCKARBLA,"Televisores y Monitores",Monitores,LENOVO,"Monitor Lenovo ThinkVision S22i-30 21.5' FHD",https://sedvirtual.sedcolombia.com.co/stockimages/LENOVO-63FCKARBLA-1.jpg,https://sedvirtual.sedcolombia.com.co/stockimages/LENOVO-63FCKARBLA-2.jpg,https://sedvirtual.sedcolombia.com.co/stockimages/LENOVO-63FCKARBLA-3.jpg,https://sedvirtual.sedcolombia.com.co/stockimages/LENOVO-63FCKARBLA-4.jpg,0
6K6X8LT#ABM,Computadores,Portátiles,HP,"Portátil HP 240 G9 14' Celeron 4500 8GB 256GB SSD Linux",https://sedvirtual.sedcolombia.com.co/stockimages/HP-6K6X8LT#ABM-1.jpg,https://sedvirtual.sedcolombia.com.co/stockimages/HP-6K6X8LT#ABM-2.jpg,https://sedvirtual.sedcolombia.com.co/stockimages/HP-6K6X8LT#ABM-3.jpg,https://sedvirtual.sedcolombia.com.co/stockimages/HP-6K6X8LT#ABM-4.jpg,0
7N914AT#ABA,"Televisores y Monitores",Monitores,HP,"Monitor HP 23.8' P24v G5 Full HD",https://sedvirtual.sedcolombia.com.co/stockimages/HP-7N914ATABA-1.jpg,https://sedvirtual.sedcolombia.com.co/stockimages/HP-7N914ATABA-2.jpg,https://sedvirtual.sedcolombia.com.co/stockimages/HP-7N914ATABA-3.jpg,https://sedvirtual.sedcolombia.com.co/stockimages/HP-7N914ATABA-4.jpg,0
801882-B21,Servidores,Discos,HP,"Disco Duro HP 1TB 6G 7.2k SATA 3.5' NHP",https://sedvirtual.sedcolombia.com.co/stockimages/HP-801882-B21-1.jpg,https://sedvirtual.sedcolombia.com.co/stockimages/HP-801882-B21-2.jpg,https://sedvirtual.sedcolombia.com.co/stockimages/HP-801882-B21-3.jpg,https://sedvirtual.sedcolombia.com.co/stockimages/HP-801882-B21-4.jpg,0
842093,Impresión,,RICOH,"Print Cartridge Magenta MP C406 (6.000 pages)",https://sedvirtual.sedcolombia.com.co/stockimages/RICOH-842093-1.jpg,https://sedvirtual.sedcolombia.com.co/stockimages/RICOH-842093-2.jpg,https://sedvirtual.sedcolombia.com.co/stockimages/RICOH-842093-3.jpg,https://sedvirtual.sedcolombia.com.co/stockimages/RICOH-842093-4.jpg,0
A17JQLA#ABM,Computadores,PC's,HP,"PC HP Pro Mini 400 G9P Intel i7-14700T 16GB 512GB SDD Windows 11 Pro 1Y",https://sedvirtual.sedcolombia.com.co/stockimages/HP-A17JQLA#ABM-1.jpg,https://sedvirtual.sedcolombia.com.co/stockimages/HP-A17JQLA#ABM-2.jpg,https://sedvirtual.sedcolombia.com.co/stockimages/HP-A17JQLA#ABM-3.jpg,https://sedvirtual.sedcolombia.com.co/stockimages/HP-A17JQLA#ABM-4.jpg,0
AD5S56008G-S,Almacenamiento,"Memoria RAM",ADATA,"Memoria Ram Adata Premier de portátil 8GB DDR5 5600mhz",https://sedvirtual.sedcolombia.com.co/stockimages/ADATA-AD5S56008G-S-1.jpg,https://sedvirtual.sedcolombia.com.co/stockimages/ADATA-AD5S56008G-S-2.jpg,https://sedvirtual.sedcolombia.com.co/stockimages/ADATA-AD5S56008G-S-3.jpg,https://sedvirtual.sedcolombia.com.co/stockimages/ADATA-AD5S56008G-S-4.jpg,0
AGAMMIXS70B-2T-CS,Almacenamiento,"Unidad de estado sólido SSD",ADATA,"Unidad SSD  M.2 Pci Nvme XPG S70 Blade 2TB Gen 4x4",https://sedvirtual.sedcolombia.com.co/stockimages/ADATA-AGAMMIXS70B-2T-CS-1.jpg,https://sedvirtual.sedcolombia.com.co/stockimages/ADATA-AGAMMIXS70B-2T-CS-2.jpg,https://sedvirtual.sedcolombia.com.co/stockimages/ADATA-AGAMMIXS70B-2T-CS-3.jpg,https://sedvirtual.sedcolombia.com.co/stockimages/ADATA-AGAMMIXS70B-2T-CS-4.jpg,0
AHD330-2TU31-CBK,Almacenamiento,"Disco Duro Externo",ADATA,"Disco Externo Adata HD330 Antigolpes 2TB USB 3.2 Negro",https://sedvirtual.sedcolombia.com.co/stockimages/ADATA-AHD330-2TU31-CBK-1.jpg,https://sedvirtual.sedcolombia.com.co/stockimages/ADATA-AHD330-2TU31-CBK-2.jpg,https://sedvirtual.sedcolombia.com.co/stockimages/ADATA-AHD330-2TU31-CBK-3.jpg,https://sedvirtual.sedcolombia.com.co/stockimages/ADATA-AHD330-2TU31-CBK-4.jpg,0
AHD330-2TU31-CBL,Almacenamiento,"Disco Duro Externo",ADATA,"Disco Externo Adata HD330 Antigolpes 2TB USB 3.2 Azul",https://sedvirtual.sedcolombia.com.co/stockimages/ADATA-AHD330-2TU31-CBL-1.jpg,https://sedvirtual.sedcolombia.com.co/stockimages/ADATA-AHD330-2TU31-CBL-2.jpg,https://sedvirtual.sedcolombia.com.co/stockimages/ADATA-AHD330-2TU31-CBL-3.jpg,https://sedvirtual.sedcolombia.com.co/stockimages/ADATA-AHD330-2TU31-CBL-4.jpg,0
AHD710P-1TU31-CBL,Almacenamiento,"Disco Duro Externo",ADATA,"Disco Externo Adata HD710 P Antigolpes 1TB USB 3.2 Azul",https://sedvirtual.sedcolombia.com.co/stockimages/ADATA-AHD710P-1TU31-CBL-1.jpg,https://sedvirtual.sedcolombia.com.co/stockimages/ADATA-AHD710P-1TU31-CBL-2.jpg,https://sedvirtual.sedcolombia.com.co/stockimages/ADATA-AHD710P-1TU31-CBL-3.jpg,https://sedvirtual.sedcolombia.com.co/stockimages/ADATA-AHD710P-1TU31-CBL-4.jpg,0
AHD710P-1TU31-CRD,Almacenamiento,"Disco Duro Externo",ADATA,"Disco Externo Adata HD710 P Antigolpes 1TB USB 3.2 Rojo",https://sedvirtual.sedcolombia.com.co/stockimages/ADATA-AHD710P-1TU31-CRD-1.jpg,https://sedvirtual.sedcolombia.com.co/stockimages/ADATA-AHD710P-1TU31-CRD-2.jpg,https://sedvirtual.sedcolombia.com.co/stockimages/ADATA-AHD710P-1TU31-CRD-3.jpg,https://sedvirtual.sedcolombia.com.co/stockimages/ADATA-AHD710P-1TU31-CRD-4.jpg,0
AHD710P-1TU31-CYL,Almacenamiento,"Disco Duro Externo",ADATA,"Disco Externo Adata HD710 P Antigolpes 1TB USB 3.2 Amarillo",https://sedvirtual.sedcolombia.com.co/stockimages/ADATA-AHD710P-1TU31-CYL-1.jpg,https://sedvirtual.sedcolombia.com.co/stockimages/ADATA-AHD710P-1TU31-CYL-2.jpg,https://sedvirtual.sedcolombia.com.co/stockimages/ADATA-AHD710P-1TU31-CYL-3.jpg,https://sedvirtual.sedcolombia.com.co/stockimages/ADATA-AHD710P-1TU31-CYL-4.jpg,0
AHD710P-5TU31-CBK,Almacenamiento,"Disco Duro Externo",ADATA,"Disco Externo Adata HD710 P Antigolpes 5TB USB 3.2 Negro",https://sedvirtual.sedcolombia.com.co/stockimages/ADATA-AHD710P-5TU31-CBK-1.jpg,https://sedvirtual.sedcolombia.com.co/stockimages/ADATA-AHD710P-5TU31-CBK-2.jpg,https://sedvirtual.sedcolombia.com.co/stockimages/ADATA-AHD710P-5TU31-CBK-3.jpg,https://sedvirtual.sedcolombia.com.co/stockimages/ADATA-AHD710P-5TU31-CBK-4.jpg,0
AP20000QCD-DGT-CWH,Accesorios,"Power Bank",ADATA,"Power Bank ADATA P20000QCD 20.000 mAh Blanco",https://sedvirtual.sedcolombia.com.co/stockimages/ADATA-AP20000QCD-DGT-CWH-1.jpg,https://sedvirtual.sedcolombia.com.co/stockimages/ADATA-AP20000QCD-DGT-CWH-2.jpg,https://sedvirtual.sedcolombia.com.co/stockimages/ADATA-AP20000QCD-DGT-CWH-3.jpg,https://sedvirtual.sedcolombia.com.co/stockimages/ADATA-AP20000QCD-DGT-CWH-4.jpg,0
ARG-CB-0024WT,Accesorios,Cables,ARGOMTECH,"Cable Adaptador Argom Tipo C a Lightning",https://sedvirtual.sedcolombia.com.co/stockimages/ARGOMTECH-ARG-CB-0024WT-1.jpg,https://sedvirtual.sedcolombia.com.co/stockimages/ARGOMTECH-ARG-CB-0024WT-2.jpg,https://sedvirtual.sedcolombia.com.co/stockimages/ARGOMTECH-ARG-CB-0024WT-3.jpg,https://sedvirtual.sedcolombia.com.co/stockimages/ARGOMTECH-ARG-CB-0024WT-4.jpg,0
ARG-CB-0034,Accesorios,Cables,ARGOMTECH,"Cable Adaptador Argom USB 2.0 a Micro USB- 1.5m",https://sedvirtual.sedcolombia.com.co/stockimages/ARGOMTECH-ARG-CB-0034-1.jpg,https://sedvirtual.sedcolombia.com.co/stockimages/ARGOMTECH-ARG-CB-0034-2.jpg,https://sedvirtual.sedcolombia.com.co/stockimages/ARGOMTECH-ARG-CB-0034-3.jpg,https://sedvirtual.sedcolombia.com.co/stockimages/ARGOMTECH-ARG-CB-0034-4.jpg,0
ARG-CB-0037,Accesorios,Cables,ARGOMTECH,"Cable Adaptador Argom USB a Lighthing 1 metro",https://sedvirtual.sedcolombia.com.co/stockimages/ARGOMTECH-ARG-CB-0037-1.jpg,https://sedvirtual.sedcolombia.com.co/stockimages/ARGOMTECH-ARG-CB-0037-2.jpg,https://sedvirtual.sedcolombia.com.co/stockimages/ARGOMTECH-ARG-CB-0037-3.jpg,https://sedvirtual.sedcolombia.com.co/stockimages/ARGOMTECH-ARG-CB-0037-4.jpg,0
ARG-CB-0040,Accesorios,Cables,ARGOMTECH,"Cable Adaptador Argom USB a Lighthing 3 metros",https://sedvirtual.sedcolombia.com.co/stockimages/ARGOMTECH-ARG-CB-0040-1.jpg,https://sedvirtual.sedcolombia.com.co/stockimages/ARGOMTECH-ARG-CB-0040-2.jpg,https://sedvirtual.sedcolombia.com.co/stockimages/ARGOMTECH-ARG-CB-0040-3.jpg,https://sedvirtual.sedcolombia.com.co/stockimages/ARGOMTECH-ARG-CB-0040-4.jpg,0
ARG-CB-0046,Accesorios,Cables,ARGOMTECH,"Cable Adaptador Argom USB 3.0 a USB de 1.8 m",https://sedvirtual.sedcolombia.com.co/stockimages/ARGOMTECH-ARG-CB-0046-1.jpg,https://sedvirtual.sedcolombia.com.co/stockimages/ARGOMTECH-ARG-CB-0046-2.jpg,https://sedvirtual.sedcolombia.com.co/stockimages/ARGOMTECH-ARG-CB-0046-3.jpg,https://sedvirtual.sedcolombia.com.co/stockimages/ARGOMTECH-ARG-CB-0046-4.jpg,0
ARG-CB-0054,Accesorios,Cables,ARGOMTECH,"Cable Adaptador Argom Micro HDMI a HDMI de 15cm",https://sedvirtual.sedcolombia.com.co/stockimages/ARGOMTECH-ARG-CB-0054-1.jpg,https://sedvirtual.sedcolombia.com.co/stockimages/ARGOMTECH-ARG-CB-0054-2.jpg,https://sedvirtual.sedcolombia.com.co/stockimages/ARGOMTECH-ARG-CB-0054-3.jpg,https://sedvirtual.sedcolombia.com.co/stockimages/ARGOMTECH-ARG-CB-0054-4.jpg,0
ARG-CB-0055,Accesorios,Cables,ARGOMTECH,"Cable Adaptador Argom HDMI a VGA",https://sedvirtual.sedcolombia.com.co/stockimages/ARGOMTECH-ARG-CB-0055-1.jpg,https://sedvirtual.sedcolombia.com.co/stockimages/ARGOMTECH-ARG-CB-0055-2.jpg,https://sedvirtual.sedcolombia.com.co/stockimages/ARGOMTECH-ARG-CB-0055-3.jpg,https://sedvirtual.sedcolombia.com.co/stockimages/ARGOMTECH-ARG-CB-0055-4.jpg,0
ARG-CB-0059,Accesorios,Cables,ARGOMTECH,"Cable Adaptador Argom Displayport a HDMI de 15cm",https://sedvirtual.sedcolombia.com.co/stockimages/ARGOMTECH-ARG-CB-0059-1.jpg,https://sedvirtual.sedcolombia.com.co/stockimages/ARGOMTECH-ARG-CB-0059-2.jpg,https://sedvirtual.sedcolombia.com.co/stockimages/ARGOMTECH-ARG-CB-0059-3.jpg,https://sedvirtual.sedcolombia.com.co/stockimages/ARGOMTECH-ARG-CB-0059-4.jpg,0
ARG-CB-0065,Accesorios,Cables,ARGOMTECH,"Cable Adaptador Argom Tipo C a Micro USB de 1.8m",https://sedvirtual.sedcolombia.com.co/stockimages/ARGOMTECH-ARG-CB-0065-1.jpg,https://sedvirtual.sedcolombia.com.co/stockimages/ARGOMTECH-ARG-CB-0065-2.jpg,https://sedvirtual.sedcolombia.com.co/stockimages/ARGOMTECH-ARG-CB-0065-3.jpg,https://sedvirtual.sedcolombia.com.co/stockimages/ARGOMTECH-ARG-CB-0065-4.jpg,0
ARG-WT-6030SL,Accesorios,Smartwatch,ARGOMTECH,"Reloj Inteligente Argom SKEIWATCH C30 Gris",https://sedvirtual.sedcolombia.com.co/stockimages/ARGOMTECH-ARG-WT-6030SL-1.jpg,https://sedvirtual.sedcolombia.com.co/stockimages/ARGOMTECH-ARG-WT-6030SL-2.jpg,https://sedvirtual.sedcolombia.com.co/stockimages/ARGOMTECH-ARG-WT-6030SL-3.jpg,https://sedvirtual.sedcolombia.com.co/stockimages/ARGOMTECH-ARG-WT-6030SL-4.jpg,0
AX5U6000C3032G-CLARWH,Almacenamiento,"Memoria RAM",ADATA,"Memoria Ram XPG LANCER DDR5 32GB  6000Mhz RGB Blanca",https://sedvirtual.sedcolombia.com.co/stockimages/ADATA-AX5U6000C3032G-CLARWH-1.jpg,https://sedvirtual.sedcolombia.com.co/stockimages/ADATA-AX5U6000C3032G-CLARWH-2.jpg,https://sedvirtual.sedcolombia.com.co/stockimages/ADATA-AX5U6000C3032G-CLARWH-3.jpg,https://sedvirtual.sedcolombia.com.co/stockimages/ADATA-AX5U6000C3032G-CLARWH-4.jpg,0
AX5U6000C3032G-SLABRBK,Almacenamiento,"Memoria RAM",ADATA,"Memoria XPG LANCER BLADE DDR5 32GB 6000Mhz RGB Negra",https://sedvirtual.sedcolombia.com.co/stockimages/ADATA-AX5U6000C3032G-SLABRBK-1.jpg,https://sedvirtual.sedcolombia.com.co/stockimages/ADATA-AX5U6000C3032G-SLABRBK-2.jpg,https://sedvirtual.sedcolombia.com.co/stockimages/ADATA-AX5U6000C3032G-SLABRBK-3.jpg,https://sedvirtual.sedcolombia.com.co/stockimages/ADATA-AX5U6000C3032G-SLABRBK-4.jpg,0
AX5U6000C3032G-SLABRWH,Almacenamiento,"Memoria RAM",ADATA,"Memoria XPG LANCER BLADE DDR5 32GB 6000Mhz RGB Blanca",https://sedvirtual.sedcolombia.com.co/stockimages/ADATA-AX5U6000C3032G-SLABRWH-1.jpg,https://sedvirtual.sedcolombia.com.co/stockimages/ADATA-AX5U6000C3032G-SLABRWH-2.jpg,https://sedvirtual.sedcolombia.com.co/stockimages/ADATA-AX5U6000C3032G-SLABRWH-3.jpg,https://sedvirtual.sedcolombia.com.co/stockimages/ADATA-AX5U6000C3032G-SLABRWH-4.jpg,0
AX5U6400C3216G-CLARBK,Almacenamiento,"Memoria RAM",ADATA,"Memoria Ram XPG LANCER DDR5 16GB  6400Mhz RGB Negra",https://sedvirtual.sedcolombia.com.co/stockimages/ADATA-AX5U6400C3216G-CLARBK-1.jpg,https://sedvirtual.sedcolombia.com.co/stockimages/ADATA-AX5U6400C3216G-CLARBK-2.jpg,https://sedvirtual.sedcolombia.com.co/stockimages/ADATA-AX5U6400C3216G-CLARBK-3.jpg,https://sedvirtual.sedcolombia.com.co/stockimages/ADATA-AX5U6400C3216G-CLARBK-4.jpg,0
AX5U6400C3232G-CLARBK,Almacenamiento,"Memoria RAM",ADATA,"Memoria Ram XPG LANCER DDR5 32GB  6400Mhz RGB Negra",https://sedvirtual.sedcolombia.com.co/stockimages/ADATA-AX5U6400C3232G-CLARBK-1.jpg,https://sedvirtual.sedcolombia.com.co/stockimages/ADATA-AX5U6400C3232G-CLARBK-2.jpg,https://sedvirtual.sedcolombia.com.co/stockimages/ADATA-AX5U6400C3232G-CLARBK-3.jpg,https://sedvirtual.sedcolombia.com.co/stockimages/ADATA-AX5U6400C3232G-CLARBK-4.jpg,0
B11B261201,Impresión,Scanner,EPSON,"WorkForce ES-400 II",https://sedvirtual.sedcolombia.com.co/stockimages/Impresión-Escáner-ES-400II-EPSON-B11B261201-1.jpg,https://sedvirtual.sedcolombia.com.co/stockimages/Impresión-Escáner-ES-400II-EPSON-B11B261201-2.jpg,https://sedvirtual.sedcolombia.com.co/stockimages/Impresión-Escáner-ES-400II-EPSON-B11B261201-3.jpg,https://sedvirtual.sedcolombia.com.co/stockimages/Impresión-Escáner-ES-400II-EPSON-B11B261201-4.jpg,0
C11CH96301,Impresión,Multifuncional,EPSON,"Impresora MFT Tabloide Ecotank L14150",https://sedvirtual.sedcolombia.com.co/stockimages/EPSON-C11CH96301-1.jpg,https://sedvirtual.sedcolombia.com.co/stockimages/EPSON-C11CH96301-2.jpg,https://sedvirtual.sedcolombia.com.co/stockimages/EPSON-C11CH96301-3.jpg,https://sedvirtual.sedcolombia.com.co/stockimages/EPSON-C11CH96301-4.jpg,0
C11CJ21301,Impresión,Multifuncional,EPSON,"Impresora MFT Tabloide Ecotank L8180",https://sedvirtual.sedcolombia.com.co/stockimages/EPSON-C11CJ21301-1.jpg,https://sedvirtual.sedcolombia.com.co/stockimages/EPSON-C11CJ21301-2.jpg,https://sedvirtual.sedcolombia.com.co/stockimages/EPSON-C11CJ21301-3.jpg,https://sedvirtual.sedcolombia.com.co/stockimages/EPSON-C11CJ21301-4.jpg,0
C24X3F,"Televisores y Monitores",Monitores,CAIXUN,"Monitor Caixun 24' C24X3F FHD VGA-HDMI-100 HZ",https://sedvirtual.sedcolombia.com.co/stockimages/CAIXUN-C24X3F-1.jpg,https://sedvirtual.sedcolombia.com.co/stockimages/CAIXUN-C24X3F-2.jpg,https://sedvirtual.sedcolombia.com.co/stockimages/CAIXUN-C24X3F-3.jpg,https://sedvirtual.sedcolombia.com.co/stockimages/CAIXUN-C24X3F-4.jpg,0
C27X3F,"Televisores y Monitores",Monitores,CAIXUN,"Monitor Caixun 27' C27X3F FHD VGA-HDMI-100 HZ",https://sedvirtual.sedcolombia.com.co/stockimages/CAIXUN-C27X3F-1.jpg,https://sedvirtual.sedcolombia.com.co/stockimages/CAIXUN-C27X3F-2.jpg,https://sedvirtual.sedcolombia.com.co/stockimages/CAIXUN-C27X3F-3.jpg,https://sedvirtual.sedcolombia.com.co/stockimages/CAIXUN-C27X3F-4.jpg,0
C32VJHZ,"Televisores y Monitores",Televisores,CAIXUN,"Tv Caixun 32'- HD - Sistema Operativo-WhaleOs TV.",https://sedvirtual.sedcolombia.com.co/stockimages/CAIXUN-C32VJHZ-1.jpg,https://sedvirtual.sedcolombia.com.co/stockimages/CAIXUN-C32VJHZ-2.jpg,https://sedvirtual.sedcolombia.com.co/stockimages/CAIXUN-C32VJHZ-3.jpg,https://sedvirtual.sedcolombia.com.co/stockimages/CAIXUN-C32VJHZ-4.jpg,0
C33S021501,Impresión,"Accesorios de impresión",EPSIMPCS,"Caja de Mantenimiento para C6000/C6500",https://sedvirtual.sedcolombia.com.co/stockimages/EPSON-C33S021501-1.jpg,https://sedvirtual.sedcolombia.com.co/stockimages/EPSON-C33S021501-2.jpg,https://sedvirtual.sedcolombia.com.co/stockimages/EPSON-C33S021501-3.jpg,https://sedvirtual.sedcolombia.com.co/stockimages/EPSON-C33S021501-4.jpg,0
C40VAFG,"Televisores y Monitores",Televisores,CAIXUN,"Tv Caixun 40' HD Smart TV GoogleTV marco delgado.",https://sedvirtual.sedcolombia.com.co/stockimages/CAIXUN-C40VAFG-1.jpg,https://sedvirtual.sedcolombia.com.co/stockimages/CAIXUN-C40VAFG-2.jpg,https://sedvirtual.sedcolombia.com.co/stockimages/CAIXUN-C40VAFG-3.jpg,https://sedvirtual.sedcolombia.com.co/stockimages/CAIXUN-C40VAFG-4.jpg,0
C40VAFW,"Televisores y Monitores",Televisores,CAIXUN,"Tv Caixun 40' HD Smart TV WebOs TV marco delgado.",https://sedvirtual.sedcolombia.com.co/stockimages/CAIXUN-C40VAFW-1.jpg,https://sedvirtual.sedcolombia.com.co/stockimages/CAIXUN-C40VAFW-2.jpg,https://sedvirtual.sedcolombia.com.co/stockimages/CAIXUN-C40VAFW-3.jpg,https://sedvirtual.sedcolombia.com.co/stockimages/CAIXUN-C40VAFW-4.jpg,0
C50VAUG,"Televisores y Monitores",Televisores,CAIXUN,"Tv Caixun 50' C50VAUG LED Ultra HD 4k Smart TV",https://sedvirtual.sedcolombia.com.co/stockimages/CAIXUN-C50VAUG-1.jpg,https://sedvirtual.sedcolombia.com.co/stockimages/CAIXUN-C50VAUG-2.jpg,https://sedvirtual.sedcolombia.com.co/stockimages/CAIXUN-C50VAUG-3.jpg,https://sedvirtual.sedcolombia.com.co/stockimages/CAIXUN-C50VAUG-4.jpg,0
C50VAUW,"Televisores y Monitores",Televisores,CAIXUN,"Tv Caixun 50' WebOs TV marco delgado HD Smart TV.",https://sedvirtual.sedcolombia.com.co/stockimages/CAIXUN-C50VAUW-1.jpg,https://sedvirtual.sedcolombia.com.co/stockimages/CAIXUN-C50VAUW-2.jpg,https://sedvirtual.sedcolombia.com.co/stockimages/CAIXUN-C50VAUW-3.jpg,https://sedvirtual.sedcolombia.com.co/stockimages/CAIXUN-C50VAUW-4.jpg,0
C55VAUG,"Televisores y Monitores",Televisores,CAIXUN,"Tv Caixun 55' C55VAUG LED Ultra HD 4k Smart TV",https://sedvirtual.sedcolombia.com.co/stockimages/CAIXUN-C55VAUG-1.jpg,https://sedvirtual.sedcolombia.com.co/stockimages/CAIXUN-C55VAUG-2.jpg,https://sedvirtual.sedcolombia.com.co/stockimages/CAIXUN-C55VAUG-3.jpg,https://sedvirtual.sedcolombia.com.co/stockimages/CAIXUN-C55VAUG-4.jpg,0
C55VAUW,"Televisores y Monitores",Televisores,CAIXUN,"Tv Caixun 55' HD Smart TV WebOs TV marco delgado.",https://sedvirtual.sedcolombia.com.co/stockimages/CAIXUN-C55VAUW-1.jpg,https://sedvirtual.sedcolombia.com.co/stockimages/CAIXUN-C55VAUW-2.jpg,https://sedvirtual.sedcolombia.com.co/stockimages/CAIXUN-C55VAUW-3.jpg,https://sedvirtual.sedcolombia.com.co/stockimages/CAIXUN-C55VAUW-4.jpg,0
DRJ78,Computadores,Portátiles,DELL,"Portátil Dell  5550 15' Intel Ultra i7 155U 16GB 512SSD Windows 11 Pro 3Y",https://sedvirtual.sedcolombia.com.co/stockimages/DELL-DRJ78-1.jpg,https://sedvirtual.sedcolombia.com.co/stockimages/DELL-DRJ78-2.jpg,https://sedvirtual.sedcolombia.com.co/stockimages/DELL-DRJ78-3.jpg,https://sedvirtual.sedcolombia.com.co/stockimages/DELL-DRJ78-4.jpg,0
E2425HS,"Televisores y Monitores",Monitores,DELL,"Monitor Dell 24  Full HD 3Y",https://sedvirtual.sedcolombia.com.co/stockimages/DELL-E2425HS-1.jpg,https://sedvirtual.sedcolombia.com.co/stockimages/DELL-E2425HS-2.jpg,https://sedvirtual.sedcolombia.com.co/stockimages/DELL-E2425HS-3.jpg,https://sedvirtual.sedcolombia.com.co/stockimages/DELL-E2425HS-4.jpg,0
HDWG51CXZSTA,Almacenamiento,"Disco Duro Externo e Interno",TOSHIBA,"Disco Duro Interno Toshiba® N300  de Rendimiento , 12TB",https://sedvirtual.sedcolombia.com.co/stockimages/TOSHIBA-HDWG51CXZSTA-1.jpg,https://sedvirtual.sedcolombia.com.co/stockimages/TOSHIBA-HDWG51CXZSTA-2.jpg,https://sedvirtual.sedcolombia.com.co/stockimages/TOSHIBA-HDWG51CXZSTA-3.jpg,https://sedvirtual.sedcolombia.com.co/stockimages/TOSHIBA-HDWG51CXZSTA-4.jpg,0
HKG75,Computadores,Portátiles,DELL,"Portátil Dell 3520 15.6' Intel I5-1235U 8GB 512GB SSD Linux 1Y",https://sedvirtual.sedcolombia.com.co/stockimages/DELL-HKG75-1.jpg,https://sedvirtual.sedcolombia.com.co/stockimages/DELL-HKG75-2.jpg,https://sedvirtual.sedcolombia.com.co/stockimages/DELL-HKG75-3.jpg,https://sedvirtual.sedcolombia.com.co/stockimages/DELL-HKG75-4.jpg,0
P3680I7GF8GSED,Computadores,Workstation,DELL,"PC Ws Dell 3680 Intel i7-14700 16GB 51GB SSD 8G Win 11 Pro 3Y",https://sedvirtual.sedcolombia.com.co/stockimages/DELL-P3680I7GF8GSED-1.jpg,https://sedvirtual.sedcolombia.com.co/stockimages/DELL-P3680I7GF8GSED-2.jpg,https://sedvirtual.sedcolombia.com.co/stockimages/DELL-P3680I7GF8GSED-3.jpg,https://sedvirtual.sedcolombia.com.co/stockimages/DELL-P3680I7GF8GSED-4.jpg,0
P38995-B21,Servidores,Fuentes,HP,"Fuente de Poder HPE 800W FS Plat Ht Plg LH PS Kit",https://sedvirtual.sedcolombia.com.co/stockimages/HP-P38995-B21-1.jpg,https://sedvirtual.sedcolombia.com.co/stockimages/HP-P38995-B21-2.jpg,https://sedvirtual.sedcolombia.com.co/stockimages/HP-P38995-B21-3.jpg,https://sedvirtual.sedcolombia.com.co/stockimages/HP-P38995-B21-4.jpg,0
P40503-B21,Servidores,Discos,HP,"Disco Duro HPE 960GB SATA MU SFF BC MV SSD",https://sedvirtual.sedcolombia.com.co/stockimages/HP-P40503-B21-1.jpg,https://sedvirtual.sedcolombia.com.co/stockimages/HP-P40503-B21-2.jpg,https://sedvirtual.sedcolombia.com.co/stockimages/HP-P40503-B21-3.jpg,https://sedvirtual.sedcolombia.com.co/stockimages/HP-P40503-B21-4.jpg,0
R660XSANH2FY25v1,Servidores,Rack,DELL,"Servidor Rack Dell Xeon G 5416S 32GB  480SSD 2.5 - 8 PERC H755 iDRAC9 Ent 57414/ 3Y PS",https://sedvirtual.sedcolombia.com.co/stockimages/DELL-R660XSANH2FY25v1-1.jpg,https://sedvirtual.sedcolombia.com.co/stockimages/DELL-R660XSANH2FY25v1-2.jpg,https://sedvirtual.sedcolombia.com.co/stockimages/DELL-R660XSANH2FY25v1-3.jpg,https://sedvirtual.sedcolombia.com.co/stockimages/DELL-R660XSANH2FY25v1-4.jpg,0
R660XSANH2FY25v2,Servidores,Rack,DELL,"Servidor Rack Dell Xeon S 4410Y 32GB  480SSD 2.5-8 PERC H755 iDRAC9 Ent NIC 57416 3Y PS",https://sedvirtual.sedcolombia.com.co/stockimages/DELL-R660XSANH2FY25v2-1.jpg,https://sedvirtual.sedcolombia.com.co/stockimages/DELL-R660XSANH2FY25v2-2.jpg,https://sedvirtual.sedcolombia.com.co/stockimages/DELL-R660XSANH2FY25v2-3.jpg,https://sedvirtual.sedcolombia.com.co/stockimages/DELL-R660XSANH2FY25v2-4.jpg,0
SD810-1000G-CBK,Almacenamiento,"Unidad de estado sólido Externa",ADATA,"Unidad SSD Externa Adata SD810 1TB USB 3.2 Tipo C",https://sedvirtual.sedcolombia.com.co/stockimages/ADATA-SD810-1000G-CBK-1.jpg,https://sedvirtual.sedcolombia.com.co/stockimages/ADATA-SD810-1000G-CBK-2.jpg,https://sedvirtual.sedcolombia.com.co/stockimages/ADATA-SD810-1000G-CBK-3.jpg,https://sedvirtual.sedcolombia.com.co/stockimages/ADATA-SD810-1000G-CBK-4.jpg,0
SD810-500G-CBK,Almacenamiento,"Unidad de estado sólido Externa",ADATA,"Unidad SSD Externa Adata SD810 500GB USB 3.2 Tipo C",https://sedvirtual.sedcolombia.com.co/stockimages/ADATA-SD810-500G-CBK-1.jpg,https://sedvirtual.sedcolombia.com.co/stockimages/ADATA-SD810-500G-CBK-2.jpg,https://sedvirtual.sedcolombia.com.co/stockimages/ADATA-SD810-500G-CBK-3.jpg,https://sedvirtual.sedcolombia.com.co/stockimages/ADATA-SD810-500G-CBK-4.jpg,0
T671600,Impresión,"Accesorios de impresión",EPSON,"Caja de Mantenimiento M5X99/WF C52X0/C57X0/C579R",https://sedvirtual.sedcolombia.com.co/stockimages/EPSON-T671600-1.jpg,https://sedvirtual.sedcolombia.com.co/stockimages/EPSON-T671600-2.jpg,https://sedvirtual.sedcolombia.com.co/stockimages/EPSON-T671600-3.jpg,https://sedvirtual.sedcolombia.com.co/stockimages/EPSON-T671600-4.jpg,0
UN60DU7000KXZL,"Televisores y Monitores",Televisores,SAMSUNG,"Tv Samsung 60' DU7000 Crystal Ultra HD 4K Smart Tv",https://sedvirtual.sedcolombia.com.co/stockimages/SAMSUNG-UN60DU7000KXZL-1.jpg,https://sedvirtual.sedcolombia.com.co/stockimages/SAMSUNG-UN60DU7000KXZL-2.jpg,https://sedvirtual.sedcolombia.com.co/stockimages/SAMSUNG-UN60DU7000KXZL-3.jpg,https://sedvirtual.sedcolombia.com.co/stockimages/SAMSUNG-UN60DU7000KXZL-4.jpg,0
UN65DU8000KXZL,"Televisores y Monitores",Televisores,SAMSUNG,"Tv Samsung 65' DU8000 Crystal Ultra HD 4K Smart Tv",https://sedvirtual.sedcolombia.com.co/stockimages/SAMSUNG-UN65DU8000KXZL-1.jpg,https://sedvirtual.sedcolombia.com.co/stockimages/SAMSUNG-UN65DU8000KXZL-2.jpg,https://sedvirtual.sedcolombia.com.co/stockimages/SAMSUNG-UN65DU8000KXZL-3.jpg,https://sedvirtual.sedcolombia.com.co/stockimages/SAMSUNG-UN65DU8000KXZL-4.jpg,0
UN98DU9000KXZL,"Televisores y Monitores",Televisores,SAMSUNG,"Tv Samsung 98' DU9000 Crystal Ultra HD 4K Smart Tv",https://sedvirtual.sedcolombia.com.co/stockimages/SAMSUNG-UN98DU9000KXZL-1.jpg,https://sedvirtual.sedcolombia.com.co/stockimages/SAMSUNG-UN98DU9000KXZL-2.jpg,https://sedvirtual.sedcolombia.com.co/stockimages/SAMSUNG-UN98DU9000KXZL-3.jpg,https://sedvirtual.sedcolombia.com.co/stockimages/SAMSUNG-UN98DU9000KXZL-4.jpg,0
V11H978021,Proyectores,Proyectores,EPSON,"Proyector Epson Powerlite FH52+ 4000 Lumens WUXGA",https://sedvirtual.sedcolombia.com.co/stockimages/EPSON-V11H978021-1.jpg,https://sedvirtual.sedcolombia.com.co/stockimages/EPSON-V11H978021-2.jpg,https://sedvirtual.sedcolombia.com.co/stockimages/EPSON-V11H978021-3.jpg,https://sedvirtual.sedcolombia.com.co/stockimages/EPSON-V11H978021-4.jpg,0
V11HA02021,Proyectores,Proyectores,EPSON,"Proyector Epson Powerlite W52+  4000 Lumens WXGA",https://sedvirtual.sedcolombia.com.co/stockimages/EPSON-V11HA02021-1.jpg,https://sedvirtual.sedcolombia.com.co/stockimages/EPSON-V11HA02021-2.jpg,https://sedvirtual.sedcolombia.com.co/stockimages/EPSON-V11HA02021-3.jpg,https://sedvirtual.sedcolombia.com.co/stockimages/EPSON-V11HA02021-4.jpg,0
VTA-70351,Proyectores,Proyectores,VTA,"Proyector Inteligente VTA 70351 Android 2000 Lum",https://sedvirtual.sedcolombia.com.co/stockimages/VTA-VTA-70351-1.jpg,https://sedvirtual.sedcolombia.com.co/stockimages/VTA-VTA-70351-2.jpg,https://sedvirtual.sedcolombia.com.co/stockimages/VTA-VTA-70351-3.jpg,https://sedvirtual.sedcolombia.com.co/stockimages/VTA-VTA-70351-4.jpg,0
VTA-70357,Proyectores,Proyectores,VTA,"Proyector VTA 70357 3800 Lumenes con BT",https://sedvirtual.sedcolombia.com.co/stockimages/VTA-VTA-70357-1.jpg,https://sedvirtual.sedcolombia.com.co/stockimages/VTA-VTA-70357-2.jpg,https://sedvirtual.sedcolombia.com.co/stockimages/VTA-VTA-70357-3.jpg,https://sedvirtual.sedcolombia.com.co/stockimages/VTA-VTA-70357-4.jpg,0
YXJNT,Computadores,Portátiles,DELL,"Portátil Dell 3550 Latitude 15.6' Intel I5-1335U 16GB 512SSD Windows 11 Pro 1Y",https://sedvirtual.sedcolombia.com.co/stockimages/DELL-YXJNT-1.jpg,https://sedvirtual.sedcolombia.com.co/stockimages/DELL-YXJNT-2.jpg,https://sedvirtual.sedcolombia.com.co/stockimages/DELL-YXJNT-3.jpg,https://sedvirtual.sedcolombia.com.co/stockimages/DELL-YXJNT-4.jpg,0
